,filename,axial_samples,lateral_samples,initial_radius,final_radius,initial_angle,final_angle,f0,timestamp_id,datapath,probe,scanner,target,f0_mhz,span_deg,focus_cm,v,harm
44,rfd_liver_highmi.uri_SpV5192_VpF512_FpA7_20161025073847_2.mat,640,256,918.8555194805116,1558.8555194805115,-0.5773020386695862,0.5773020386695862,2666600.0,20161025073847,/getlab/wjl11/study_high_mi_yd17/phantom/20161025_phan/dax/bmode/uri_SpV5192_VpF512_FpA7_20161025073847.rfd,dax,siemens s2000,phantom,2.7,66.1539406401311,11.0,,1
100,rfd_liver_highmi.uri_SpV5192_VpF512_FpA7_20160817143619_2.mat,1024,256,510.8571428571429,1534.857142857143,-0.6073603630065918,0.6073603630065918,3636400.0,20160817143619,/getlab/wjl11/study_high_mi_yd17/phantom/20160817/4c1/bmode/uri_SpV5192_VpF512_FpA7_20160817143603.rfd,4c1,siemens s2000,phantom,3.6,69.59837088762269,6.0,,1
136,rfd_liver_highmi.uri_SpV5192_VpF512_FpA7_20161212161740_7.mat,1024,256,510.8571428571429,1534.857142857143,-0.6073603630065918,0.6073603630065918,3636400.0,20161212161740,/getlab/wjl11/study_high_mi_yd17/phantom/20161212_phan/4c1/bmode/uri_SpV5192_VpF512_FpA7_20161212161740.rfd,4c1,siemens s2000,phantom,3.6,69.59837088762269,6.0,,1
139,rfd_liver_highmi.uri_SpV10388_VpF168_FpA8_20161013083052_1.mat,1296,256,918.8555194805116,2214.8555194805112,-0.5773020386695862,0.5761761963367462,2666600.0,20161013083052,/getlab/wjl11/study_high_mi_yd17/phantom/20161013_phan/dax/mmode/uri_SpV10388_VpF168_FpA8_20161013083052.rfd,dax,siemens s2000,phantom,2.7,66.0894346260622,11.0,,1
165,rfd_liver_highmi.uri_SpV5192_VpF512_FpA7_20161108101702_1.mat,640,256,918.8555194805116,1558.8555194805115,-0.5773020386695862,0.5773020386695862,2666600.0,20161108101702,/getlab/wjl11/study_high_mi_yd17/phantom/20161108_phan/dax/bmode/uri_SpV5192_VpF512_FpA7_20161108101702.rfd,dax,siemens s2000,phantom,2.7,66.1539406401311,14.0,,1
200,rfd_liver_highmi.uri_SpV10388_VpF168_FpA8_20161212162145_1.mat,1296,256,918.8555194805116,2214.8555194805112,-0.5773020386695862,0.5761761963367462,2666600.0,20161212162145,/getlab/wjl11/study_high_mi_yd17/phantom/20161212_phan/dax/mmode/uri_SpV10388_VpF168_FpA8_20161212162138.rfd,dax,siemens s2000,phantom,2.7,66.0894346260622,11.0,,1
231,rfd_liver_highmi.uri_SpV5192_VpF512_FpA7_20161025073905_6.mat,640,256,918.8555194805116,1558.8555194805115,-0.5773020386695862,0.5773020386695862,2666600.0,20161025073905,/getlab/wjl11/study_high_mi_yd17/phantom/20161025_phan/dax/bmode/uri_SpV5192_VpF512_FpA7_20161025073905.rfd,dax,siemens s2000,phantom,2.7,66.1539406401311,14.0,,1
258,rfd_liver_highmi.uri_SpV5192_VpF512_FpA7_20160908073801_6.mat,1024,256,510.8571428571429,1534.857142857143,-0.6073603630065918,0.6073603630065918,3636400.0,20160908073801,/getlab/wjl11/study_high_mi_yd17/phantom/20160908/4c1/bmode/uri_SpV5192_VpF512_FpA7_20160908073801.rfd,4c1,siemens s2000,phantom,3.6,69.59837088762269,8.0,,1
310,rfd_liver_highmi.uri_SpV10388_VpF168_FpA8_20160901073340_1.mat,1296,256,918.8555194805116,2214.8555194805112,-0.5773020386695862,0.5761761963367462,2666600.0,20160901073340,/getlab/wjl11/study_high_mi_yd17/phantom/20160901/dax/mmode/uri_SpV10388_VpF168_FpA8_20160901073345.rfd,dax,siemens s2000,phantom,2.7,66.0894346260622,11.0,,1
362,rfd_liver_highmi.uri_SpV10388_VpF168_FpA8_20161123092200_1.mat,2048,256,510.8571428571429,2558.857142857143,-0.6073603630065918,0.6084920167922974,3636400.0,20161123092200,/getlab/wjl11/study_high_mi_yd17/phantom/20161212_phan/4c1/mmode/uri_SpV10388_VpF168_FpA8_20161123092200.rfd,4c1,siemens s2000,phantom,3.6,69.6632098734136,6.0,,1
365,rfd_liver_highmi.uri_SpV10388_VpF168_FpA8_20161006124456_1.mat,1296,256,918.8555194805116,2214.8555194805112,-0.5773020386695862,0.5761761963367462,2666600.0,20161006124456,/getlab/wjl11/study_high_mi_yd17/phantom/20161006_phan/dax/mmode/uri_SpV10388_VpF168_FpA8_20161006124456.rfd,dax,siemens s2000,phantom,2.7,66.0894346260622,11.0,,1
370,rfd_liver_highmi.uri_SpV10388_VpF168_FpA8_20161108101439_1.mat,2048,256,510.8571428571429,2558.857142857143,-0.6073603630065918,0.6084920167922974,3636400.0,20161108101439,/getlab/wjl11/study_high_mi_yd17/phantom/20161108_phan/4c1/mmode/uri_SpV10388_VpF168_FpA8_20161108101434.rfd,4c1,siemens s2000,phantom,3.6,69.6632098734136,6.0,,1
392,rfd_liver_highmi.uri_SpV10388_VpF168_FpA8_20161212161834_2.mat,2048,256,510.8571428571429,2558.857142857143,-0.6073603630065918,0.6084920167922974,3636400.0,20161212161834,/getlab/wjl11/study_high_mi_yd17/phantom/20161212_phan/4c1/mmode/uri_SpV10388_VpF168_FpA8_20161212161831.rfd,4c1,siemens s2000,phantom,3.6,69.6632098734136,6.0,,1
393,rfd_liver_highmi.uri_SpV5192_VpF512_FpA7_20161025073638_5.mat,1024,256,510.8571428571429,1534.857142857143,-0.6073603630065918,0.6073603630065918,3636400.0,20161025073638,/getlab/wjl11/study_high_mi_yd17/phantom/20161025_phan/4c1/bmode/uri_SpV5192_VpF512_FpA7_20161025073638.rfd,4c1,siemens s2000,phantom,3.6,69.59837088762269,8.0,,1
418,rfd_liver_highmi.uri_SpV5192_VpF512_FpA7_20161123092107_4.mat,1024,256,510.8571428571429,1534.857142857143,-0.6073603630065918,0.6073603630065918,3636400.0,20161123092107,/getlab/wjl11/study_high_mi_yd17/phantom/20161212_phan/4c1/bmode/uri_SpV5192_VpF512_FpA7_20161123092107.rfd,4c1,siemens s2000,phantom,3.6,69.59837088762269,8.0,,1
519,rfd_liver_highmi.uri_SpV10388_VpF168_FpA8_20161006124207_2.mat,2048,256,510.8571428571429,2558.857142857143,-0.6073603630065918,0.6084920167922974,3636400.0,20161006124207,/getlab/wjl11/study_high_mi_yd17/phantom/20161006_phan/4c1/mmode/uri_SpV10388_VpF168_FpA8_20161006124207.rfd,4c1,siemens s2000,phantom,3.6,69.6632098734136,6.0,,1
528,rfd_liver_highmi.uri_SpV5192_VpF512_FpA7_20160817143619_1.mat,1024,256,510.8571428571429,1534.857142857143,-0.6073603630065918,0.6073603630065918,3636400.0,20160817143619,/getlab/wjl11/study_high_mi_yd17/phantom/20160817/4c1/bmode/uri_SpV5192_VpF512_FpA7_20160817143603.rfd,4c1,siemens s2000,phantom,3.6,69.59837088762269,6.0,,1
567,rfd_liver_highmi.uri_SpV5192_VpF512_FpA7_20161025073905_2.mat,640,256,918.8555194805116,1558.8555194805115,-0.5773020386695862,0.5773020386695862,2666600.0,20161025073905,/getlab/wjl11/study_high_mi_yd17/phantom/20161025_phan/dax/bmode/uri_SpV5192_VpF512_FpA7_20161025073905.rfd,dax,siemens s2000,phantom,2.7,66.1539406401311,14.0,,1
569,rfd_liver_highmi.uri_SpV10388_VpF168_FpA8_20161212161832_1.mat,2048,256,510.8571428571429,2558.857142857143,-0.6073603630065918,0.6084920167922974,3636400.0,20161212161832,/getlab/wjl11/study_high_mi_yd17/phantom/20161212_phan/4c1/mmode/uri_SpV10388_VpF168_FpA8_20161212161831.rfd,4c1,siemens s2000,phantom,3.6,69.6632098734136,6.0,,1
592,rfd_liver_highmi.uri_SpV10388_VpF168_FpA8_20161212162138_2.mat,1296,256,918.8555194805116,2214.8555194805112,-0.5773020386695862,0.5761761963367462,2666600.0,20161212162138,/getlab/wjl11/study_high_mi_yd17/phantom/20161212_phan/dax/mmode/uri_SpV10388_VpF168_FpA8_20161212162138.rfd,dax,siemens s2000,phantom,2.7,66.0894346260622,11.0,,1
630,rfd_liver_highmi.uri_SpV10388_VpF168_FpA8_20160908073920_1.mat,2048,256,510.8571428571429,2558.857142857143,-0.6073603630065918,0.6084920167922974,3636400.0,20160908073920,/getlab/wjl11/study_high_mi_yd17/phantom/20160908/4c1/mmode/uri_SpV10388_VpF168_FpA8_20160908073920.rfd,4c1,siemens s2000,phantom,3.6,69.6632098734136,6.0,,1
655,rfd_liver_highmi.uri_SpV5192_VpF512_FpA7_20161025073622_7.mat,1024,256,510.8571428571429,1534.857142857143,-0.6073603630065918,0.6073603630065918,3636400.0,20161025073622,/getlab/wjl11/study_high_mi_yd17/phantom/20161025_phan/4c1/bmode/uri_SpV5192_VpF512_FpA7_20161025073638.rfd,4c1,siemens s2000,phantom,3.6,69.59837088762269,8.0,,1
743,rfd_liver_highmi.uri_SpV10388_VpF168_FpA8_20160817143942_1.mat,1296,256,918.8555194805116,2214.8555194805112,-0.5773020386695862,0.5761761963367462,2666600.0,20160817143942,/getlab/wjl11/study_high_mi_yd17/phantom/20160817/dax/mmode/uri_SpV10388_VpF168_FpA8_20160817143939.rfd,dax,siemens s2000,phantom,2.7,66.0894346260622,11.0,,1
759,rfd_liver_highmi.uri_SpV5192_VpF512_FpA7_20161108101636_1.mat,640,256,918.8555194805116,1558.8555194805115,-0.5773020386695862,0.5773020386695862,2666600.0,20161108101636,/getlab/wjl11/study_high_mi_yd17/phantom/20161108_phan/dax/bmode/uri_SpV5192_VpF512_FpA7_20161108101636.rfd,dax,siemens s2000,phantom,2.7,66.1539406401311,11.0,,1
774,rfd_liver_highmi.uri_SpV5192_VpF512_FpA7_20161123092314_7.mat,640,256,918.8555194805116,1558.8555194805115,-0.5773020386695862,0.5773020386695862,2666600.0,20161123092314,/getlab/wjl11/study_high_mi_yd17/phantom/20161212_phan/dax/bmode/uri_SpV5192_VpF512_FpA7_20161123092314.rfd,dax,siemens s2000,phantom,2.7,66.1539406401311,14.0,,1
819,rfd_liver_highmi.uri_SpV5192_VpF512_FpA7_20160817143843_7.mat,640,256,918.8555194805116,1558.8555194805115,-0.5773020386695862,0.5773020386695862,2666600.0,20160817143843,/getlab/wjl11/study_high_mi_yd17/phantom/20160817/dax/bmode/uri_SpV5192_VpF512_FpA7_20160817143828.rfd,dax,siemens s2000,phantom,2.7,66.1539406401311,11.0,,1
936,rfd_liver_highmi.uri_SpV10388_VpF168_FpA8_20161006124503_2.mat,1296,256,918.8555194805116,2214.8555194805112,-0.5773020386695862,0.5761761963367462,2666600.0,20161006124503,/getlab/wjl11/study_high_mi_yd17/phantom/20161006_phan/dax/mmode/uri_SpV10388_VpF168_FpA8_20161006124501.rfd,dax,siemens s2000,phantom,2.7,66.0894346260622,11.0,,1
1012,rfd_liver_highmi.uri_SpV5192_VpF512_FpA7_20160817143603_1.mat,1024,256,510.8571428571429,1534.857142857143,-0.6073603630065918,0.6073603630065918,3636400.0,20160817143603,/getlab/wjl11/study_high_mi_yd17/phantom/20160817/4c1/bmode/uri_SpV5192_VpF512_FpA7_20160817143603.rfd,4c1,siemens s2000,phantom,3.6,69.59837088762269,6.0,,1
1050,rfd_liver_highmi.uri_SpV5192_VpF512_FpA7_20161006124121_1.mat,1024,256,510.8571428571429,1534.857142857143,-0.6073603630065918,0.6073603630065918,3636400.0,20161006124121,/getlab/wjl11/study_high_mi_yd17/phantom/20161006_phan/4c1/bmode/uri_SpV5192_VpF512_FpA7_20161006124108.rfd,4c1,siemens s2000,phantom,3.6,69.59837088762269,6.0,,1
1108,rfd_liver_highmi.uri_SpV10388_VpF168_FpA8_20161006124207_1.mat,2048,256,510.8571428571429,2558.857142857143,-0.6073603630065918,0.6084920167922974,3636400.0,20161006124207,/getlab/wjl11/study_high_mi_yd17/phantom/20161006_phan/4c1/mmode/uri_SpV10388_VpF168_FpA8_20161006124207.rfd,4c1,siemens s2000,phantom,3.6,69.6632098734136,6.0,,1
1160,rfd_liver_highmi.uri_SpV5192_VpF512_FpA7_20161123092509_6.mat,640,256,918.8555194805116,1558.8555194805115,-0.5773020386695862,0.5773020386695862,2666600.0,20161123092509,/getlab/wjl11/study_high_mi_yd17/phantom/20161212_phan/dax/bmode/uri_SpV5192_VpF512_FpA7_20161123092509.rfd,dax,siemens s2000,phantom,2.7,66.1539406401311,14.0,,1
1180,rfd_liver_highmi.uri_SpV5192_VpF512_FpA7_20161013082547_2.mat,1024,256,510.8571428571429,1534.857142857143,-0.6073603630065918,0.6073603630065918,3636400.0,20161013082547,/getlab/wjl11/study_high_mi_yd17/phantom/20161013_phan/4c1/bmode/uri_SpV5192_VpF512_FpA7_20161013082532.rfd,4c1,siemens s2000,phantom,3.6,69.59837088762269,6.0,,1
1184,rfd_fetal_ch.uri_SpV6232_VpF908_FpA9_20130109142127_2.mat,1232,192,649.7662337662338,1881.7662337662325,-0.6073321182636755,0.6073321182636755,4444400.0,20130109142127,/emfd/vrk4/Fetal_SLSC/Data/Clinical_Data/BabyPh/uri_SpV6232_VpF908_FpA9_20130109142127.rfd,4c1,siemens s2000,phantom,4.4,69.5951342784976,6.0,,1
1218,rfd_liver_highmi.uri_SpV10388_VpF168_FpA8_20161025074002_2.mat,1296,256,918.8555194805116,2214.8555194805112,-0.5773020386695862,0.5761761963367462,2666600.0,20161025074002,/getlab/wjl11/study_high_mi_yd17/phantom/20161025_phan/dax/mmode/uri_SpV10388_VpF168_FpA8_20161025074002.rfd,dax,siemens s2000,phantom,2.7,66.0894346260622,11.0,,1
1220,rfd_liver_highmi.uri_SpV10388_VpF168_FpA8_20161006124209_2.mat,2048,256,510.8571428571429,2558.857142857143,-0.6073603630065918,0.6084920167922974,3636400.0,20161006124209,/getlab/wjl11/study_high_mi_yd17/phantom/20161006_phan/4c1/mmode/uri_SpV10388_VpF168_FpA8_20161006124207.rfd,4c1,siemens s2000,phantom,3.6,69.6632098734136,6.0,,1
1229,rfd_liver_highmi.uri_SpV10388_VpF168_FpA8_20161108101434_2.mat,2048,256,510.8571428571429,2558.857142857143,-0.6073603630065918,0.6084920167922974,3636400.0,20161108101434,/getlab/wjl11/study_high_mi_yd17/phantom/20161108_phan/4c1/mmode/uri_SpV10388_VpF168_FpA8_20161108101434.rfd,4c1,siemens s2000,phantom,3.6,69.6632098734136,6.0,,1
1246,rfd_liver_highmi.uri_SpV5192_VpF512_FpA7_20161108101324_2.mat,1024,256,510.8571428571429,1534.857142857143,-0.6073603630065918,0.6073603630065918,3636400.0,20161108101324,/getlab/wjl11/study_high_mi_yd17/phantom/20161108_phan/4c1/bmode/uri_SpV5192_VpF512_FpA7_20161108101324.rfd,4c1,siemens s2000,phantom,3.6,69.59837088762269,6.0,,1
1298,rfd_liver_highmi.uri_SpV10388_VpF168_FpA8_20161123092559_1.mat,1296,256,918.8555194805116,2214.8555194805112,-0.5773020386695862,0.5761761963367462,2666600.0,20161123092559,/getlab/wjl11/study_high_mi_yd17/phantom/20161212_phan/dax/mmode/uri_SpV10388_VpF168_FpA8_20161123092559.rfd,dax,siemens s2000,phantom,2.7,66.0894346260622,11.0,,1
1306,rfd_liver_highmi.uri_SpV5192_VpF512_FpA7_20161123092107_3.mat,1024,256,510.8571428571429,1534.857142857143,-0.6073603630065918,0.6073603630065918,3636400.0,20161123092107,/getlab/wjl11/study_high_mi_yd17/phantom/20161212_phan/4c1/bmode/uri_SpV5192_VpF512_FpA7_20161123092107.rfd,4c1,siemens s2000,phantom,3.6,69.59837088762269,8.0,,1
1322,rfd_liver_highmi.uri_SpV10388_VpF168_FpA8_20161013083045_1.mat,1296,256,918.8555194805116,2214.8555194805112,-0.5773020386695862,0.5761761963367462,2666600.0,20161013083045,/getlab/wjl11/study_high_mi_yd17/phantom/20161013_phan/dax/mmode/uri_SpV10388_VpF168_FpA8_20161013083052.rfd,dax,siemens s2000,phantom,2.7,66.0894346260622,11.0,,1
1353,rfd_liver_highmi.uri_SpV10388_VpF168_FpA8_20160817143715_1.mat,2048,256,510.8571428571429,2558.857142857143,-0.6073603630065918,0.6084920167922974,3636400.0,20160817143715,/getlab/wjl11/study_high_mi_yd17/phantom/20160817/4c1/mmode/uri_SpV10388_VpF168_FpA8_20160817143709.rfd,4c1,siemens s2000,phantom,3.6,69.6632098734136,6.0,,1
1368,rfd_liver_highmi.uri_SpV10388_VpF168_FpA8_20161108101434_1.mat,2048,256,510.8571428571429,2558.857142857143,-0.6073603630065918,0.6084920167922974,3636400.0,20161108101434,/getlab/wjl11/study_high_mi_yd17/phantom/20161108_phan/4c1/mmode/uri_SpV10388_VpF168_FpA8_20161108101434.rfd,4c1,siemens s2000,phantom,3.6,69.6632098734136,6.0,,1
1399,rfd_liver_highmi.uri_SpV5192_VpF512_FpA7_20161212161740_2.mat,1024,256,510.8571428571429,1534.857142857143,-0.6073603630065918,0.6073603630065918,3636400.0,20161212161740,/getlab/wjl11/study_high_mi_yd17/phantom/20161212_phan/4c1/bmode/uri_SpV5192_VpF512_FpA7_20161212161740.rfd,4c1,siemens s2000,phantom,3.6,69.59837088762269,6.0,,1
1412,rfd_liver_highmi.uri_SpV5192_VpF512_FpA7_20161025073847_3.mat,640,256,918.8555194805116,1558.8555194805115,-0.5773020386695862,0.5773020386695862,2666600.0,20161025073847,/getlab/wjl11/study_high_mi_yd17/phantom/20161025_phan/dax/bmode/uri_SpV5192_VpF512_FpA7_20161025073847.rfd,dax,siemens s2000,phantom,2.7,66.1539406401311,11.0,,1
1440,rfd_liver_highmi.uri_SpV10388_VpF168_FpA8_20161123092604_2.mat,1296,256,918.8555194805116,2214.8555194805112,-0.5773020386695862,0.5761761963367462,2666600.0,20161123092604,/getlab/wjl11/study_high_mi_yd17/phantom/20161212_phan/dax/mmode/uri_SpV10388_VpF168_FpA8_20161123092602.rfd,dax,siemens s2000,phantom,2.7,66.0894346260622,11.0,,1
1446,rfd_liver_highmi.uri_SpV10388_VpF168_FpA8_20160901073051_1.mat,2048,256,510.8571428571429,2558.857142857143,-0.6073603630065918,0.6084920167922974,3636400.0,20160901073051,/getlab/wjl11/study_high_mi_yd17/phantom/20160901/4c1/mmode/uri_SpV10388_VpF168_FpA8_20160901073051.rfd,4c1,siemens s2000,phantom,3.6,69.6632098734136,6.0,,1
1475,rfd_liver_highmi.uri_SpV5192_VpF512_FpA7_20160901073232_3.mat,640,256,918.8555194805116,1558.8555194805115,-0.5773020386695862,0.5773020386695862,2666600.0,20160901073232,/getlab/wjl11/study_high_mi_yd17/phantom/20160901/dax/bmode/uri_SpV5192_VpF512_FpA7_20160901073232.rfd,dax,siemens s2000,phantom,2.7,66.1539406401311,11.0,,1
1595,rfd_liver_highmi.uri_SpV10388_VpF168_FpA8_20161025073729_2.mat,2048,256,510.8571428571429,2558.857142857143,-0.6073603630065918,0.6084920167922974,3636400.0,20161025073729,/getlab/wjl11/study_high_mi_yd17/phantom/20161025_phan/4c1/mmode/uri_SpV10388_VpF168_FpA8_20161025073727.rfd,4c1,siemens s2000,phantom,3.6,69.6632098734136,6.0,,1
1693,rfd_liver_highmi.uri_SpV5192_VpF512_FpA7_20160901073232_5.mat,640,256,918.8555194805116,1558.8555194805115,-0.5773020386695862,0.5773020386695862,2666600.0,20160901073232,/getlab/wjl11/study_high_mi_yd17/phantom/20160901/dax/bmode/uri_SpV5192_VpF512_FpA7_20160901073232.rfd,dax,siemens s2000,phantom,2.7,66.1539406401311,11.0,,1
1730,rfd_liver_highmi.uri_SpV5192_VpF512_FpA7_20160901072953_3.mat,1024,256,510.8571428571429,1534.857142857143,-0.6073603630065918,0.6073603630065918,3636400.0,20160901072953,/getlab/wjl11/study_high_mi_yd17/phantom/20160901/4c1/bmode/uri_SpV5192_VpF512_FpA7_20160901072953.rfd,4c1,siemens s2000,phantom,3.6,69.59837088762269,8.0,,1
1764,rfd_liver_highmi.uri_SpV5192_VpF512_FpA7_20160817143603_5.mat,1024,256,510.8571428571429,1534.857142857143,-0.6073603630065918,0.6073603630065918,3636400.0,20160817143603,/getlab/wjl11/study_high_mi_yd17/phantom/20160817/4c1/bmode/uri_SpV5192_VpF512_FpA7_20160817143603.rfd,4c1,siemens s2000,phantom,3.6,69.59837088762269,6.0,,1
1812,rfd_liver_highmi.uri_SpV5192_VpF512_FpA7_20160817143548_4.mat,1024,256,510.8571428571429,1534.857142857143,-0.6073603630065918,0.6073603630065918,3636400.0,20160817143548,/getlab/wjl11/study_high_mi_yd17/phantom/20160817/4c1/bmode/uri_SpV5192_VpF512_FpA7_20160817143548.rfd,4c1,siemens s2000,phantom,3.6,69.59837088762269,4.0,,1
1813,rfd_liver_highmi.uri_SpV5192_VpF512_FpA7_20160908073801_1.mat,1024,256,510.8571428571429,1534.857142857143,-0.6073603630065918,0.6073603630065918,3636400.0,20160908073801,/getlab/wjl11/study_high_mi_yd17/phantom/20160908/4c1/bmode/uri_SpV5192_VpF512_FpA7_20160908073801.rfd,4c1,siemens s2000,phantom,3.6,69.59837088762269,8.0,,1
1869,rfd_liver_highmi.uri_SpV10388_VpF168_FpA8_20160908074451_1.mat,1296,256,918.8555194805116,2214.8555194805112,-0.5773020386695862,0.5761761963367462,2666600.0,20160908074451,/getlab/wjl11/study_high_mi_yd17/phantom/20160908/dax/mmode/uri_SpV10388_VpF168_FpA8_20160908074451.rfd,dax,siemens s2000,phantom,2.7,66.0894346260622,11.0,,1
1881,rfd_liver_highmi.uri_SpV5192_VpF512_FpA7_20161108101702_6.mat,640,256,918.8555194805116,1558.8555194805115,-0.5773020386695862,0.5773020386695862,2666600.0,20161108101702,/getlab/wjl11/study_high_mi_yd17/phantom/20161108_phan/dax/bmode/uri_SpV5192_VpF512_FpA7_20161108101702.rfd,dax,siemens s2000,phantom,2.7,66.1539406401311,14.0,,1
1894,rfd_liver_highmi.uri_SpV5192_VpF512_FpA7_20161025073905_5.mat,640,256,918.8555194805116,1558.8555194805115,-0.5773020386695862,0.5773020386695862,2666600.0,20161025073905,/getlab/wjl11/study_high_mi_yd17/phantom/20161025_phan/dax/bmode/uri_SpV5192_VpF512_FpA7_20161025073905.rfd,dax,siemens s2000,phantom,2.7,66.1539406401311,14.0,,1
1901,rfd_liver_highmi.uri_SpV5192_VpF512_FpA7_20161212162035_1.mat,640,256,918.8555194805116,1558.8555194805115,-0.5773020386695862,0.5773020386695862,2666600.0,20161212162035,/getlab/wjl11/study_high_mi_yd17/phantom/20161212_phan/dax/bmode/uri_SpV5192_VpF512_FpA7_20161212162035.rfd,dax,siemens s2000,phantom,2.7,66.1539406401311,11.0,,1
1913,rfd_liver_highmi.uri_SpV10388_VpF168_FpA8_20161006124211_2.mat,2048,256,510.8571428571429,2558.857142857143,-0.6073603630065918,0.6084920167922974,3636400.0,20161006124211,/getlab/wjl11/study_high_mi_yd17/phantom/20161006_phan/4c1/mmode/uri_SpV10388_VpF168_FpA8_20161006124207.rfd,4c1,siemens s2000,phantom,3.6,69.6632098734136,6.0,,1
1929,rfd_liver_highmi.uri_SpV5192_VpF512_FpA7_20161212162035_2.mat,640,256,918.8555194805116,1558.8555194805115,-0.5773020386695862,0.5773020386695862,2666600.0,20161212162035,/getlab/wjl11/study_high_mi_yd17/phantom/20161212_phan/dax/bmode/uri_SpV5192_VpF512_FpA7_20161212162035.rfd,dax,siemens s2000,phantom,2.7,66.1539406401311,11.0,,1
1975,rfd_liver_highmi.uri_SpV5192_VpF512_FpA7_20160817143843_6.mat,640,256,918.8555194805116,1558.8555194805115,-0.5773020386695862,0.5773020386695862,2666600.0,20160817143843,/getlab/wjl11/study_high_mi_yd17/phantom/20160817/dax/bmode/uri_SpV5192_VpF512_FpA7_20160817143828.rfd,dax,siemens s2000,phantom,2.7,66.1539406401311,11.0,,1
1977,rfd_liver_highmi.uri_SpV5192_VpF512_FpA7_20161123092107_5.mat,1024,256,510.8571428571429,1534.857142857143,-0.6073603630065918,0.6073603630065918,3636400.0,20161123092107,/getlab/wjl11/study_high_mi_yd17/phantom/20161212_phan/4c1/bmode/uri_SpV5192_VpF512_FpA7_20161123092107.rfd,4c1,siemens s2000,phantom,3.6,69.59837088762269,8.0,,1
1990,rfd_liver_highmi.uri_SpV10388_VpF168_FpA8_20161123092607_1.mat,1296,256,918.8555194805116,2214.8555194805112,-0.5773020386695862,0.5761761963367462,2666600.0,20161123092607,/getlab/wjl11/study_high_mi_yd17/phantom/20161212_phan/dax/mmode/uri_SpV10388_VpF168_FpA8_20161123092602.rfd,dax,siemens s2000,phantom,2.7,66.0894346260622,11.0,,1
1996,rfd_liver_highmi.uri_SpV5192_VpF512_FpA7_20161123092314_1.mat,640,256,918.8555194805116,1558.8555194805115,-0.5773020386695862,0.5773020386695862,2666600.0,20161123092314,/getlab/wjl11/study_high_mi_yd17/phantom/20161212_phan/dax/bmode/uri_SpV5192_VpF512_FpA7_20161123092314.rfd,dax,siemens s2000,phantom,2.7,66.1539406401311,14.0,,1
2005,rfd_liver_highmi.uri_SpV10388_VpF168_FpA8_20161025073731_2.mat,2048,256,510.8571428571429,2558.857142857143,-0.6073603630065918,0.6084920167922974,3636400.0,20161025073731,/getlab/wjl11/study_high_mi_yd17/phantom/20161025_phan/4c1/mmode/uri_SpV10388_VpF168_FpA8_20161025073727.rfd,4c1,siemens s2000,phantom,3.6,69.6632098734136,6.0,,1
2085,rfd_liver_highmi.uri_SpV10388_VpF168_FpA8_20161006124456_2.mat,1296,256,918.8555194805116,2214.8555194805112,-0.5773020386695862,0.5761761963367462,2666600.0,20161006124456,/getlab/wjl11/study_high_mi_yd17/phantom/20161006_phan/dax/mmode/uri_SpV10388_VpF168_FpA8_20161006124456.rfd,dax,siemens s2000,phantom,2.7,66.0894346260622,11.0,,1
2188,rfd_liver_highmi.uri_SpV5192_VpF512_FpA7_20160908073801_5.mat,1024,256,510.8571428571429,1534.857142857143,-0.6073603630065918,0.6073603630065918,3636400.0,20160908073801,/getlab/wjl11/study_high_mi_yd17/phantom/20160908/4c1/bmode/uri_SpV5192_VpF512_FpA7_20160908073801.rfd,4c1,siemens s2000,phantom,3.6,69.59837088762269,8.0,,1
2209,rfd_liver_highmi.uri_SpV5192_VpF512_FpA7_20160817143843_2.mat,640,256,918.8555194805116,1558.8555194805115,-0.5773020386695862,0.5773020386695862,2666600.0,20160817143843,/getlab/wjl11/study_high_mi_yd17/phantom/20160817/dax/bmode/uri_SpV5192_VpF512_FpA7_20160817143828.rfd,dax,siemens s2000,phantom,2.7,66.1539406401311,11.0,,1
2336,rfd_liver_highmi.uri_SpV5192_VpF512_FpA7_20160901073232_1.mat,640,256,918.8555194805116,1558.8555194805115,-0.5773020386695862,0.5773020386695862,2666600.0,20160901073232,/getlab/wjl11/study_high_mi_yd17/phantom/20160901/dax/bmode/uri_SpV5192_VpF512_FpA7_20160901073232.rfd,dax,siemens s2000,phantom,2.7,66.1539406401311,11.0,,1
2342,rfd_liver_highmi.uri_SpV5192_VpF512_FpA7_20161108101702_5.mat,640,256,918.8555194805116,1558.8555194805115,-0.5773020386695862,0.5773020386695862,2666600.0,20161108101702,/getlab/wjl11/study_high_mi_yd17/phantom/20161108_phan/dax/bmode/uri_SpV5192_VpF512_FpA7_20161108101702.rfd,dax,siemens s2000,phantom,2.7,66.1539406401311,14.0,,1
2398,rfd_liver_highmi.uri_SpV5192_VpF512_FpA7_20160817143548_1.mat,1024,256,510.8571428571429,1534.857142857143,-0.6073603630065918,0.6073603630065918,3636400.0,20160817143548,/getlab/wjl11/study_high_mi_yd17/phantom/20160817/4c1/bmode/uri_SpV5192_VpF512_FpA7_20160817143548.rfd,4c1,siemens s2000,phantom,3.6,69.59837088762269,4.0,,1
2430,rfd_liver_highmi.uri_SpV5192_VpF512_FpA7_20161212161740_4.mat,1024,256,510.8571428571429,1534.857142857143,-0.6073603630065918,0.6073603630065918,3636400.0,20161212161740,/getlab/wjl11/study_high_mi_yd17/phantom/20161212_phan/4c1/bmode/uri_SpV5192_VpF512_FpA7_20161212161740.rfd,4c1,siemens s2000,phantom,3.6,69.59837088762269,6.0,,1
2447,rfd_liver_highmi.uri_SpV5192_VpF512_FpA7_20160908074155_3.mat,640,256,918.8555194805116,1558.8555194805115,-0.5773020386695862,0.5773020386695862,2666600.0,20160908074155,/getlab/wjl11/study_high_mi_yd17/phantom/20160908/dax/bmode/uri_SpV5192_VpF512_FpA7_20160908074115.rfd,dax,siemens s2000,phantom,2.7,66.1539406401311,11.0,,1
2448,rfd_liver_highmi.uri_SpV10388_VpF168_FpA8_20161212162145_2.mat,1296,256,918.8555194805116,2214.8555194805112,-0.5773020386695862,0.5761761963367462,2666600.0,20161212162145,/getlab/wjl11/study_high_mi_yd17/phantom/20161212_phan/dax/mmode/uri_SpV10388_VpF168_FpA8_20161212162138.rfd,dax,siemens s2000,phantom,2.7,66.0894346260622,11.0,,1
2505,rfd_liver_highmi.uri_SpV5192_VpF512_FpA7_20161013082547_7.mat,1024,256,510.8571428571429,1534.857142857143,-0.6073603630065918,0.6073603630065918,3636400.0,20161013082547,/getlab/wjl11/study_high_mi_yd17/phantom/20161013_phan/4c1/bmode/uri_SpV5192_VpF512_FpA7_20161013082532.rfd,4c1,siemens s2000,phantom,3.6,69.59837088762269,6.0,,1
2509,rfd_liver_highmi.uri_SpV5192_VpF512_FpA7_20161006124347_4.mat,640,256,918.8555194805116,1558.8555194805115,-0.5773020386695862,0.5773020386695862,2666600.0,20161006124347,/getlab/wjl11/study_high_mi_yd17/phantom/20161006_phan/dax/bmode/uri_SpV5192_VpF512_FpA7_20161006124347.rfd,dax,siemens s2000,phantom,2.7,66.1539406401311,11.0,,1
2528,rfd_liver_highmi.uri_SpV5192_VpF512_FpA7_20160817143548_2.mat,1024,256,510.8571428571429,1534.857142857143,-0.6073603630065918,0.6073603630065918,3636400.0,20160817143548,/getlab/wjl11/study_high_mi_yd17/phantom/20160817/4c1/bmode/uri_SpV5192_VpF512_FpA7_20160817143548.rfd,4c1,siemens s2000,phantom,3.6,69.59837088762269,4.0,,1
2619,rfd_liver_highmi.uri_SpV5192_VpF512_FpA7_20161006124401_3.mat,640,256,918.8555194805116,1558.8555194805115,-0.5773020386695862,0.5773020386695862,2666600.0,20161006124401,/getlab/wjl11/study_high_mi_yd17/phantom/20161006_phan/dax/bmode/uri_SpV5192_VpF512_FpA7_20161006124401.rfd,dax,siemens s2000,phantom,2.7,66.1539406401311,14.0,,1
2658,rfd_liver_highmi.uri_SpV5192_VpF512_FpA7_20161025073905_3.mat,640,256,918.8555194805116,1558.8555194805115,-0.5773020386695862,0.5773020386695862,2666600.0,20161025073905,/getlab/wjl11/study_high_mi_yd17/phantom/20161025_phan/dax/bmode/uri_SpV5192_VpF512_FpA7_20161025073905.rfd,dax,siemens s2000,phantom,2.7,66.1539406401311,14.0,,1
2712,rfd_liver_highmi.uri_SpV10388_VpF168_FpA8_20161108101436_2.mat,2048,256,510.8571428571429,2558.857142857143,-0.6073603630065918,0.6084920167922974,3636400.0,20161108101436,/getlab/wjl11/study_high_mi_yd17/phantom/20161108_phan/4c1/mmode/uri_SpV10388_VpF168_FpA8_20161108101434.rfd,4c1,siemens s2000,phantom,3.6,69.6632098734136,6.0,,1
2737,rfd_liver_highmi.uri_SpV10388_VpF168_FpA8_20160817143944_1.mat,1296,256,918.8555194805116,2214.8555194805112,-0.5773020386695862,0.5761761963367462,2666600.0,20160817143944,/getlab/wjl11/study_high_mi_yd17/phantom/20160817/dax/mmode/uri_SpV10388_VpF168_FpA8_20160817143939.rfd,dax,siemens s2000,phantom,2.7,66.0894346260622,11.0,,1
2774,rfd_liver_highmi.uri_SpV5192_VpF512_FpA7_20160817143548_5.mat,1024,256,510.8571428571429,1534.857142857143,-0.6073603630065918,0.6073603630065918,3636400.0,20160817143548,/getlab/wjl11/study_high_mi_yd17/phantom/20160817/4c1/bmode/uri_SpV5192_VpF512_FpA7_20160817143548.rfd,4c1,siemens s2000,phantom,3.6,69.59837088762269,4.0,,1
2801,rfd_liver_highmi.uri_SpV10388_VpF168_FpA8_20161123092559_2.mat,1296,256,918.8555194805116,2214.8555194805112,-0.5773020386695862,0.5761761963367462,2666600.0,20161123092559,/getlab/wjl11/study_high_mi_yd17/phantom/20161212_phan/dax/mmode/uri_SpV10388_VpF168_FpA8_20161123092559.rfd,dax,siemens s2000,phantom,2.7,66.0894346260622,11.0,,1
2803,rfd_liver_highmi.uri_SpV5192_VpF512_FpA7_20161108101324_4.mat,1024,256,510.8571428571429,1534.857142857143,-0.6073603630065918,0.6073603630065918,3636400.0,20161108101324,/getlab/wjl11/study_high_mi_yd17/phantom/20161108_phan/4c1/bmode/uri_SpV5192_VpF512_FpA7_20161108101324.rfd,4c1,siemens s2000,phantom,3.6,69.59837088762269,6.0,,1
2830,rfd_liver_highmi.uri_SpV5192_VpF512_FpA7_20161108101324_5.mat,1024,256,510.8571428571429,1534.857142857143,-0.6073603630065918,0.6073603630065918,3636400.0,20161108101324,/getlab/wjl11/study_high_mi_yd17/phantom/20161108_phan/4c1/bmode/uri_SpV5192_VpF512_FpA7_20161108101324.rfd,4c1,siemens s2000,phantom,3.6,69.59837088762269,6.0,,1
2837,rfd_fetal_ch.uri_SpV6232_VpF908_FpA9_20130109142127_1.mat,688,192,360.981240981241,1048.981240981241,-0.6073321182636755,0.6073321182636755,2222200.0,20130109142127,/emfd/vrk4/Fetal_SLSC/Data/Clinical_Data/BabyPh/uri_SpV6232_VpF908_FpA9_20130109142127.rfd,4c1,siemens s2000,phantom,2.2,69.5951342784976,6.0,,0
2854,rfd_liver_highmi.uri_SpV10388_VpF168_FpA8_20161025073727_2.mat,2048,256,510.8571428571429,2558.857142857143,-0.6073603630065918,0.6084920167922974,3636400.0,20161025073727,/getlab/wjl11/study_high_mi_yd17/phantom/20161025_phan/4c1/mmode/uri_SpV10388_VpF168_FpA8_20161025073727.rfd,4c1,siemens s2000,phantom,3.6,69.6632098734136,6.0,,1
2865,rfd_liver_highmi.uri_SpV5192_VpF512_FpA7_20161108101702_3.mat,640,256,918.8555194805116,1558.8555194805115,-0.5773020386695862,0.5773020386695862,2666600.0,20161108101702,/getlab/wjl11/study_high_mi_yd17/phantom/20161108_phan/dax/bmode/uri_SpV5192_VpF512_FpA7_20161108101702.rfd,dax,siemens s2000,phantom,2.7,66.1539406401311,14.0,,1
2900,rfd_liver_highmi.uri_SpV5192_VpF512_FpA7_20161006124347_3.mat,640,256,918.8555194805116,1558.8555194805115,-0.5773020386695862,0.5773020386695862,2666600.0,20161006124347,/getlab/wjl11/study_high_mi_yd17/phantom/20161006_phan/dax/bmode/uri_SpV5192_VpF512_FpA7_20161006124347.rfd,dax,siemens s2000,phantom,2.7,66.1539406401311,11.0,,1
2925,rfd_liver_highmi.uri_SpV5192_VpF512_FpA7_20160901073218_3.mat,640,256,918.8555194805116,1558.8555194805115,-0.5773020386695862,0.5773020386695862,2666600.0,20160901073218,/getlab/wjl11/study_high_mi_yd17/phantom/20160901/dax/bmode/uri_SpV5192_VpF512_FpA7_20160901073232.rfd,dax,siemens s2000,phantom,2.7,66.1539406401311,11.0,,1
2965,rfd_liver_highmi.uri_SpV5192_VpF512_FpA7_20161025073638_1.mat,1024,256,510.8571428571429,1534.857142857143,-0.6073603630065918,0.6073603630065918,3636400.0,20161025073638,/getlab/wjl11/study_high_mi_yd17/phantom/20161025_phan/4c1/bmode/uri_SpV5192_VpF512_FpA7_20161025073638.rfd,4c1,siemens s2000,phantom,3.6,69.59837088762269,8.0,,1
3027,rfd_liver_highmi.uri_SpV5192_VpF512_FpA7_20161108101636_3.mat,640,256,918.8555194805116,1558.8555194805115,-0.5773020386695862,0.5773020386695862,2666600.0,20161108101636,/getlab/wjl11/study_high_mi_yd17/phantom/20161108_phan/dax/bmode/uri_SpV5192_VpF512_FpA7_20161108101636.rfd,dax,siemens s2000,phantom,2.7,66.1539406401311,11.0,,1
3053,rfd_liver_highmi.uri_SpV5192_VpF512_FpA7_20160908074155_6.mat,640,256,918.8555194805116,1558.8555194805115,-0.5773020386695862,0.5773020386695862,2666600.0,20160908074155,/getlab/wjl11/study_high_mi_yd17/phantom/20160908/dax/bmode/uri_SpV5192_VpF512_FpA7_20160908074115.rfd,dax,siemens s2000,phantom,2.7,66.1539406401311,11.0,,1
3057,rfd_liver_highmi.uri_SpV10388_VpF168_FpA8_20160901073051_2.mat,2048,256,510.8571428571429,2558.857142857143,-0.6073603630065918,0.6084920167922974,3636400.0,20160901073051,/getlab/wjl11/study_high_mi_yd17/phantom/20160901/4c1/mmode/uri_SpV10388_VpF168_FpA8_20160901073051.rfd,4c1,siemens s2000,phantom,3.6,69.6632098734136,6.0,,1
3103,rfd_liver_highmi.uri_SpV5192_VpF512_FpA7_20161006124121_4.mat,1024,256,510.8571428571429,1534.857142857143,-0.6073603630065918,0.6073603630065918,3636400.0,20161006124121,/getlab/wjl11/study_high_mi_yd17/phantom/20161006_phan/4c1/bmode/uri_SpV5192_VpF512_FpA7_20161006124108.rfd,4c1,siemens s2000,phantom,3.6,69.59837088762269,6.0,,1
3138,rfd_liver_highmi.uri_SpV10388_VpF168_FpA8_20160817143944_2.mat,1296,256,918.8555194805116,2214.8555194805112,-0.5773020386695862,0.5761761963367462,2666600.0,20160817143944,/getlab/wjl11/study_high_mi_yd17/phantom/20160817/dax/mmode/uri_SpV10388_VpF168_FpA8_20160817143939.rfd,dax,siemens s2000,phantom,2.7,66.0894346260622,11.0,,1
3199,rfd_liver_highmi.uri_SpV10388_VpF168_FpA8_20161025074007_2.mat,1296,256,918.8555194805116,2214.8555194805112,-0.5773020386695862,0.5761761963367462,2666600.0,20161025074007,/getlab/wjl11/study_high_mi_yd17/phantom/20161025_phan/dax/mmode/uri_SpV10388_VpF168_FpA8_20161025074002.rfd,dax,siemens s2000,phantom,2.7,66.0894346260622,11.0,,1
3211,rfd_liver_highmi.uri_SpV10388_VpF168_FpA8_20161108101755_2.mat,1296,256,918.8555194805116,2214.8555194805112,-0.5773020386695862,0.5761761963367462,2666600.0,20161108101755,/getlab/wjl11/study_high_mi_yd17/phantom/20161108_phan/dax/mmode/uri_SpV10388_VpF168_FpA8_20161108101755.rfd,dax,siemens s2000,phantom,2.7,66.0894346260622,11.0,,1
3241,rfd_liver_highmi.uri_SpV5192_VpF512_FpA7_20161108101636_2.mat,640,256,918.8555194805116,1558.8555194805115,-0.5773020386695862,0.5773020386695862,2666600.0,20161108101636,/getlab/wjl11/study_high_mi_yd17/phantom/20161108_phan/dax/bmode/uri_SpV5192_VpF512_FpA7_20161108101636.rfd,dax,siemens s2000,phantom,2.7,66.1539406401311,11.0,,1
3275,rfd_liver_highmi.uri_SpV5192_VpF512_FpA7_20160908074155_5.mat,640,256,918.8555194805116,1558.8555194805115,-0.5773020386695862,0.5773020386695862,2666600.0,20160908074155,/getlab/wjl11/study_high_mi_yd17/phantom/20160908/dax/bmode/uri_SpV5192_VpF512_FpA7_20160908074115.rfd,dax,siemens s2000,phantom,2.7,66.1539406401311,11.0,,1
3295,rfd_liver_highmi.uri_SpV5192_VpF512_FpA7_20161123092509_7.mat,640,256,918.8555194805116,1558.8555194805115,-0.5773020386695862,0.5773020386695862,2666600.0,20161123092509,/getlab/wjl11/study_high_mi_yd17/phantom/20161212_phan/dax/bmode/uri_SpV5192_VpF512_FpA7_20161123092509.rfd,dax,siemens s2000,phantom,2.7,66.1539406401311,14.0,,1
3303,rfd_liver_highmi.uri_SpV5192_VpF512_FpA7_20161025073622_6.mat,1024,256,510.8571428571429,1534.857142857143,-0.6073603630065918,0.6073603630065918,3636400.0,20161025073622,/getlab/wjl11/study_high_mi_yd17/phantom/20161025_phan/4c1/bmode/uri_SpV5192_VpF512_FpA7_20161025073638.rfd,4c1,siemens s2000,phantom,3.6,69.59837088762269,8.0,,1
3362,rfd_liver_highmi.uri_SpV10388_VpF168_FpA8_20161108101758_2.mat,1296,256,918.8555194805116,2214.8555194805112,-0.5773020386695862,0.5761761963367462,2666600.0,20161108101758,/getlab/wjl11/study_high_mi_yd17/phantom/20161108_phan/dax/mmode/uri_SpV10388_VpF168_FpA8_20161108101755.rfd,dax,siemens s2000,phantom,2.7,66.0894346260622,11.0,,1
3380,rfd_liver_highmi.uri_SpV5192_VpF512_FpA7_20161025073905_4.mat,640,256,918.8555194805116,1558.8555194805115,-0.5773020386695862,0.5773020386695862,2666600.0,20161025073905,/getlab/wjl11/study_high_mi_yd17/phantom/20161025_phan/dax/bmode/uri_SpV5192_VpF512_FpA7_20161025073905.rfd,dax,siemens s2000,phantom,2.7,66.1539406401311,14.0,,1
3410,rfd_liver_highmi.uri_SpV5192_VpF512_FpA7_20160817143548_7.mat,1024,256,510.8571428571429,1534.857142857143,-0.6073603630065918,0.6073603630065918,3636400.0,20160817143548,/getlab/wjl11/study_high_mi_yd17/phantom/20160817/4c1/bmode/uri_SpV5192_VpF512_FpA7_20160817143548.rfd,4c1,siemens s2000,phantom,3.6,69.59837088762269,4.0,,1
3535,rfd_liver_highmi.uri_SpV5192_VpF512_FpA7_20161025073638_7.mat,1024,256,510.8571428571429,1534.857142857143,-0.6073603630065918,0.6073603630065918,3636400.0,20161025073638,/getlab/wjl11/study_high_mi_yd17/phantom/20161025_phan/4c1/bmode/uri_SpV5192_VpF512_FpA7_20161025073638.rfd,4c1,siemens s2000,phantom,3.6,69.59837088762269,8.0,,1
3536,rfd_liver_highmi.uri_SpV5192_VpF512_FpA7_20160817143619_7.mat,1024,256,510.8571428571429,1534.857142857143,-0.6073603630065918,0.6073603630065918,3636400.0,20160817143619,/getlab/wjl11/study_high_mi_yd17/phantom/20160817/4c1/bmode/uri_SpV5192_VpF512_FpA7_20160817143603.rfd,4c1,siemens s2000,phantom,3.6,69.59837088762269,6.0,,1
3540,rfd_fetal_ch.uri_SpV6232_VpF908_FpA9_20130109142548_1.mat,688,192,360.981240981241,1048.981240981241,-0.6073321182636755,0.6073321182636755,2222200.0,20130109142548,/emfd/vrk4/Fetal_SLSC/Data/Clinical_Data/BabyPh/uri_SpV6232_VpF908_FpA9_20130109142536.rfd,4c1,siemens s2000,phantom,2.2,69.5951342784976,6.0,,0
3561,rfd_liver_highmi.uri_SpV10388_VpF168_FpA8_20160908073922_2.mat,2048,256,510.8571428571429,2558.857142857143,-0.6073603630065918,0.6084920167922974,3636400.0,20160908073922,/getlab/wjl11/study_high_mi_yd17/phantom/20160908/4c1/mmode/uri_SpV10388_VpF168_FpA8_20160908073920.rfd,4c1,siemens s2000,phantom,3.6,69.6632098734136,6.0,,1
3606,rfd_liver_highmi.uri_SpV5192_VpF512_FpA7_20161025073847_5.mat,640,256,918.8555194805116,1558.8555194805115,-0.5773020386695862,0.5773020386695862,2666600.0,20161025073847,/getlab/wjl11/study_high_mi_yd17/phantom/20161025_phan/dax/bmode/uri_SpV5192_VpF512_FpA7_20161025073847.rfd,dax,siemens s2000,phantom,2.7,66.1539406401311,11.0,,1
3653,rfd_liver_highmi.uri_SpV10388_VpF168_FpA8_20161123092602_1.mat,1296,256,918.8555194805116,2214.8555194805112,-0.5773020386695862,0.5761761963367462,2666600.0,20161123092602,/getlab/wjl11/study_high_mi_yd17/phantom/20161212_phan/dax/mmode/uri_SpV10388_VpF168_FpA8_20161123092602.rfd,dax,siemens s2000,phantom,2.7,66.0894346260622,11.0,,1
3679,rfd_liver_highmi.uri_SpV10388_VpF168_FpA8_20161212161836_1.mat,2048,256,510.8571428571429,2558.857142857143,-0.6073603630065918,0.6084920167922974,3636400.0,20161212161836,/getlab/wjl11/study_high_mi_yd17/phantom/20161212_phan/4c1/mmode/uri_SpV10388_VpF168_FpA8_20161212161831.rfd,4c1,siemens s2000,phantom,3.6,69.6632098734136,6.0,,1
3691,rfd_liver_highmi.uri_SpV10388_VpF168_FpA8_20160901073340_2.mat,1296,256,918.8555194805116,2214.8555194805112,-0.5773020386695862,0.5761761963367462,2666600.0,20160901073340,/getlab/wjl11/study_high_mi_yd17/phantom/20160901/dax/mmode/uri_SpV10388_VpF168_FpA8_20160901073345.rfd,dax,siemens s2000,phantom,2.7,66.0894346260622,11.0,,1
3724,rfd_liver_highmi.uri_SpV5192_VpF512_FpA7_20160901073218_1.mat,640,256,918.8555194805116,1558.8555194805115,-0.5773020386695862,0.5773020386695862,2666600.0,20160901073218,/getlab/wjl11/study_high_mi_yd17/phantom/20160901/dax/bmode/uri_SpV5192_VpF512_FpA7_20160901073232.rfd,dax,siemens s2000,phantom,2.7,66.1539406401311,11.0,,1
3747,rfd_liver_highmi.uri_SpV10388_VpF168_FpA8_20161025074000_2.mat,1296,256,918.8555194805116,2214.8555194805112,-0.5773020386695862,0.5761761963367462,2666600.0,20161025074000,/getlab/wjl11/study_high_mi_yd17/phantom/20161025_phan/dax/mmode/uri_SpV10388_VpF168_FpA8_20161025074002.rfd,dax,siemens s2000,phantom,2.7,66.0894346260622,11.0,,1
3764,rfd_liver_highmi.uri_SpV5192_VpF512_FpA7_20161025073622_4.mat,1024,256,510.8571428571429,1534.857142857143,-0.6073603630065918,0.6073603630065918,3636400.0,20161025073622,/getlab/wjl11/study_high_mi_yd17/phantom/20161025_phan/4c1/bmode/uri_SpV5192_VpF512_FpA7_20161025073638.rfd,4c1,siemens s2000,phantom,3.6,69.59837088762269,8.0,,1
3803,rfd_liver_highmi.uri_SpV5192_VpF512_FpA7_20160908073744_2.mat,1024,256,510.8571428571429,1534.857142857143,-0.6073603630065918,0.6073603630065918,3636400.0,20160908073744,/getlab/wjl11/study_high_mi_yd17/phantom/20160908/4c1/bmode/uri_SpV5192_VpF512_FpA7_20160908073744.rfd,4c1,siemens s2000,phantom,3.6,69.59837088762269,6.0,,1
3804,rfd_liver_highmi.uri_SpV5192_VpF512_FpA7_20160901072953_1.mat,1024,256,510.8571428571429,1534.857142857143,-0.6073603630065918,0.6073603630065918,3636400.0,20160901072953,/getlab/wjl11/study_high_mi_yd17/phantom/20160901/4c1/bmode/uri_SpV5192_VpF512_FpA7_20160901072953.rfd,4c1,siemens s2000,phantom,3.6,69.59837088762269,8.0,,1
3837,rfd_liver_highmi.uri_SpV5192_VpF512_FpA7_20161025073847_1.mat,640,256,918.8555194805116,1558.8555194805115,-0.5773020386695862,0.5773020386695862,2666600.0,20161025073847,/getlab/wjl11/study_high_mi_yd17/phantom/20161025_phan/dax/bmode/uri_SpV5192_VpF512_FpA7_20161025073847.rfd,dax,siemens s2000,phantom,2.7,66.1539406401311,11.0,,1
3896,rfd_liver_highmi.uri_SpV10388_VpF168_FpA8_20161123092200_2.mat,2048,256,510.8571428571429,2558.857142857143,-0.6073603630065918,0.6084920167922974,3636400.0,20161123092200,/getlab/wjl11/study_high_mi_yd17/phantom/20161212_phan/4c1/mmode/uri_SpV10388_VpF168_FpA8_20161123092200.rfd,4c1,siemens s2000,phantom,3.6,69.6632098734136,6.0,,1
3900,rfd_liver_highmi.uri_SpV5192_VpF512_FpA7_20160908073801_3.mat,1024,256,510.8571428571429,1534.857142857143,-0.6073603630065918,0.6073603630065918,3636400.0,20160908073801,/getlab/wjl11/study_high_mi_yd17/phantom/20160908/4c1/bmode/uri_SpV5192_VpF512_FpA7_20160908073801.rfd,4c1,siemens s2000,phantom,3.6,69.59837088762269,8.0,,1
3906,rfd_liver_highmi.uri_SpV10388_VpF168_FpA8_20161025073727_1.mat,2048,256,510.8571428571429,2558.857142857143,-0.6073603630065918,0.6084920167922974,3636400.0,20161025073727,/getlab/wjl11/study_high_mi_yd17/phantom/20161025_phan/4c1/mmode/uri_SpV10388_VpF168_FpA8_20161025073727.rfd,4c1,siemens s2000,phantom,3.6,69.6632098734136,6.0,,1
3990,rfd_liver_highmi.uri_SpV5192_VpF512_FpA7_20160901072953_2.mat,1024,256,510.8571428571429,1534.857142857143,-0.6073603630065918,0.6073603630065918,3636400.0,20160901072953,/getlab/wjl11/study_high_mi_yd17/phantom/20160901/4c1/bmode/uri_SpV5192_VpF512_FpA7_20160901072953.rfd,4c1,siemens s2000,phantom,3.6,69.59837088762269,8.0,,1
4041,rfd_liver_highmi.uri_SpV10388_VpF168_FpA8_20161108101436_1.mat,2048,256,510.8571428571429,2558.857142857143,-0.6073603630065918,0.6084920167922974,3636400.0,20161108101436,/getlab/wjl11/study_high_mi_yd17/phantom/20161108_phan/4c1/mmode/uri_SpV10388_VpF168_FpA8_20161108101434.rfd,4c1,siemens s2000,phantom,3.6,69.6632098734136,6.0,,1
4108,rfd_liver_highmi.uri_SpV5192_VpF512_FpA7_20160901073218_6.mat,640,256,918.8555194805116,1558.8555194805115,-0.5773020386695862,0.5773020386695862,2666600.0,20160901073218,/getlab/wjl11/study_high_mi_yd17/phantom/20160901/dax/bmode/uri_SpV5192_VpF512_FpA7_20160901073232.rfd,dax,siemens s2000,phantom,2.7,66.1539406401311,11.0,,1
4260,rfd_liver_highmi.uri_SpV5192_VpF512_FpA7_20161025073638_4.mat,1024,256,510.8571428571429,1534.857142857143,-0.6073603630065918,0.6073603630065918,3636400.0,20161025073638,/getlab/wjl11/study_high_mi_yd17/phantom/20161025_phan/4c1/bmode/uri_SpV5192_VpF512_FpA7_20161025073638.rfd,4c1,siemens s2000,phantom,3.6,69.59837088762269,8.0,,1
4298,rfd_liver_highmi.uri_SpV5192_VpF512_FpA7_20161123092314_4.mat,640,256,918.8555194805116,1558.8555194805115,-0.5773020386695862,0.5773020386695862,2666600.0,20161123092314,/getlab/wjl11/study_high_mi_yd17/phantom/20161212_phan/dax/bmode/uri_SpV5192_VpF512_FpA7_20161123092314.rfd,dax,siemens s2000,phantom,2.7,66.1539406401311,14.0,,1
4300,rfd_liver_highmi.uri_SpV5192_VpF512_FpA7_20161212162035_7.mat,640,256,918.8555194805116,1558.8555194805115,-0.5773020386695862,0.5773020386695862,2666600.0,20161212162035,/getlab/wjl11/study_high_mi_yd17/phantom/20161212_phan/dax/bmode/uri_SpV5192_VpF512_FpA7_20161212162035.rfd,dax,siemens s2000,phantom,2.7,66.1539406401311,11.0,,1
4333,rfd_liver_highmi.uri_SpV5192_VpF512_FpA7_20160817143619_6.mat,1024,256,510.8571428571429,1534.857142857143,-0.6073603630065918,0.6073603630065918,3636400.0,20160817143619,/getlab/wjl11/study_high_mi_yd17/phantom/20160817/4c1/bmode/uri_SpV5192_VpF512_FpA7_20160817143603.rfd,4c1,siemens s2000,phantom,3.6,69.59837088762269,6.0,,1
4337,rfd_liver_highmi.uri_SpV10388_VpF168_FpA8_20161006124213_2.mat,2048,256,510.8571428571429,2558.857142857143,-0.6073603630065918,0.6084920167922974,3636400.0,20161006124213,/getlab/wjl11/study_high_mi_yd17/phantom/20161006_phan/4c1/mmode/uri_SpV10388_VpF168_FpA8_20161006124207.rfd,4c1,siemens s2000,phantom,3.6,69.6632098734136,6.0,,1
4345,rfd_fetal_ch.uri_SpV6232_VpF908_FpA9_20130109142249_1.mat,688,192,360.981240981241,1048.981240981241,-0.6073321182636755,0.6073321182636755,2222200.0,20130109142249,/emfd/vrk4/Fetal_SLSC/Data/Clinical_Data/BabyPh/uri_SpV6232_VpF908_FpA9_20130109142249.rfd,4c1,siemens s2000,phantom,2.2,69.5951342784976,6.0,,0
4348,rfd_liver_highmi.uri_SpV10388_VpF168_FpA8_20161025073731_1.mat,2048,256,510.8571428571429,2558.857142857143,-0.6073603630065918,0.6084920167922974,3636400.0,20161025073731,/getlab/wjl11/study_high_mi_yd17/phantom/20161025_phan/4c1/mmode/uri_SpV10388_VpF168_FpA8_20161025073727.rfd,4c1,siemens s2000,phantom,3.6,69.6632098734136,6.0,,1
4355,rfd_liver_highmi.uri_SpV10388_VpF168_FpA8_20160908074451_2.mat,1296,256,918.8555194805116,2214.8555194805112,-0.5773020386695862,0.5761761963367462,2666600.0,20160908074451,/getlab/wjl11/study_high_mi_yd17/phantom/20160908/dax/mmode/uri_SpV10388_VpF168_FpA8_20160908074451.rfd,dax,siemens s2000,phantom,2.7,66.0894346260622,11.0,,1
4357,rfd_liver_highmi.uri_SpV5192_VpF512_FpA7_20160817143843_4.mat,640,256,918.8555194805116,1558.8555194805115,-0.5773020386695862,0.5773020386695862,2666600.0,20160817143843,/getlab/wjl11/study_high_mi_yd17/phantom/20160817/dax/bmode/uri_SpV5192_VpF512_FpA7_20160817143828.rfd,dax,siemens s2000,phantom,2.7,66.1539406401311,11.0,,1
4368,rfd_liver_highmi.uri_SpV10388_VpF168_FpA8_20161013082724_1.mat,2048,256,510.8571428571429,2558.857142857143,-0.6073603630065918,0.6084920167922974,3636400.0,20161013082724,/getlab/wjl11/study_high_mi_yd17/phantom/20161013_phan/4c1/mmode/uri_SpV10388_VpF168_FpA8_20161013082724.rfd,4c1,siemens s2000,phantom,3.6,69.6632098734136,6.0,,1
4415,rfd_liver_highmi.uri_SpV10388_VpF168_FpA8_20161123092602_2.mat,1296,256,918.8555194805116,2214.8555194805112,-0.5773020386695862,0.5761761963367462,2666600.0,20161123092602,/getlab/wjl11/study_high_mi_yd17/phantom/20161212_phan/dax/mmode/uri_SpV10388_VpF168_FpA8_20161123092602.rfd,dax,siemens s2000,phantom,2.7,66.0894346260622,11.0,,1
4422,rfd_liver_highmi.uri_SpV5192_VpF512_FpA7_20161212161740_3.mat,1024,256,510.8571428571429,1534.857142857143,-0.6073603630065918,0.6073603630065918,3636400.0,20161212161740,/getlab/wjl11/study_high_mi_yd17/phantom/20161212_phan/4c1/bmode/uri_SpV5192_VpF512_FpA7_20161212161740.rfd,4c1,siemens s2000,phantom,3.6,69.59837088762269,6.0,,1
4440,rfd_liver_highmi.uri_SpV5192_VpF512_FpA7_20160901073218_2.mat,640,256,918.8555194805116,1558.8555194805115,-0.5773020386695862,0.5773020386695862,2666600.0,20160901073218,/getlab/wjl11/study_high_mi_yd17/phantom/20160901/dax/bmode/uri_SpV5192_VpF512_FpA7_20160901073232.rfd,dax,siemens s2000,phantom,2.7,66.1539406401311,11.0,,1
4464,rfd_liver_highmi.uri_SpV5192_VpF512_FpA7_20160817143603_3.mat,1024,256,510.8571428571429,1534.857142857143,-0.6073603630065918,0.6073603630065918,3636400.0,20160817143603,/getlab/wjl11/study_high_mi_yd17/phantom/20160817/4c1/bmode/uri_SpV5192_VpF512_FpA7_20160817143603.rfd,4c1,siemens s2000,phantom,3.6,69.59837088762269,6.0,,1
4579,rfd_fetal_ch.uri_SpV8308_VpF908_FpA9_20121220112006_2.mat,1648,192,649.7662337662338,2297.7662337662337,-0.6073321182636755,0.6073321182636755,4444400.0,20121220112006,/emfd/vrk4/Fetal_SLSC/Data/Clinical_Data/ImagPh/uri_SpV8308_VpF908_FpA9_20121220112006.rfd,4c1,siemens s2000,phantom,4.4,69.5951342784976,10.0,,1
4598,rfd_liver_highmi.uri_SpV10388_VpF168_FpA8_20161013082726_1.mat,2048,256,510.8571428571429,2558.857142857143,-0.6073603630065918,0.6084920167922974,3636400.0,20161013082726,/getlab/wjl11/study_high_mi_yd17/phantom/20161013_phan/4c1/mmode/uri_SpV10388_VpF168_FpA8_20161013082724.rfd,4c1,siemens s2000,phantom,3.6,69.6632098734136,6.0,,1
4623,rfd_liver_highmi.uri_SpV5192_VpF512_FpA7_20161123092314_3.mat,640,256,918.8555194805116,1558.8555194805115,-0.5773020386695862,0.5773020386695862,2666600.0,20161123092314,/getlab/wjl11/study_high_mi_yd17/phantom/20161212_phan/dax/bmode/uri_SpV5192_VpF512_FpA7_20161123092314.rfd,dax,siemens s2000,phantom,2.7,66.1539406401311,14.0,,1
4658,rfd_liver_highmi.uri_SpV5192_VpF512_FpA7_20161123092509_2.mat,640,256,918.8555194805116,1558.8555194805115,-0.5773020386695862,0.5773020386695862,2666600.0,20161123092509,/getlab/wjl11/study_high_mi_yd17/phantom/20161212_phan/dax/bmode/uri_SpV5192_VpF512_FpA7_20161123092509.rfd,dax,siemens s2000,phantom,2.7,66.1539406401311,14.0,,1
4668,rfd_liver_highmi.uri_SpV5192_VpF512_FpA7_20161108101636_5.mat,640,256,918.8555194805116,1558.8555194805115,-0.5773020386695862,0.5773020386695862,2666600.0,20161108101636,/getlab/wjl11/study_high_mi_yd17/phantom/20161108_phan/dax/bmode/uri_SpV5192_VpF512_FpA7_20161108101636.rfd,dax,siemens s2000,phantom,2.7,66.1539406401311,11.0,,1
4688,rfd_liver_highmi.uri_SpV5192_VpF512_FpA7_20161212161740_1.mat,1024,256,510.8571428571429,1534.857142857143,-0.6073603630065918,0.6073603630065918,3636400.0,20161212161740,/getlab/wjl11/study_high_mi_yd17/phantom/20161212_phan/4c1/bmode/uri_SpV5192_VpF512_FpA7_20161212161740.rfd,4c1,siemens s2000,phantom,3.6,69.59837088762269,6.0,,1
4738,rfd_liver_highmi.uri_SpV5192_VpF512_FpA7_20161123092107_7.mat,1024,256,510.8571428571429,1534.857142857143,-0.6073603630065918,0.6073603630065918,3636400.0,20161123092107,/getlab/wjl11/study_high_mi_yd17/phantom/20161212_phan/4c1/bmode/uri_SpV5192_VpF512_FpA7_20161123092107.rfd,4c1,siemens s2000,phantom,3.6,69.59837088762269,8.0,,1
4826,rfd_liver_highmi.uri_SpV10388_VpF168_FpA8_20161006124501_2.mat,1296,256,918.8555194805116,2214.8555194805112,-0.5773020386695862,0.5761761963367462,2666600.0,20161006124501,/getlab/wjl11/study_high_mi_yd17/phantom/20161006_phan/dax/mmode/uri_SpV10388_VpF168_FpA8_20161006124501.rfd,dax,siemens s2000,phantom,2.7,66.0894346260622,11.0,,1
4870,rfd_liver_highmi.uri_SpV10388_VpF168_FpA8_20161013083052_2.mat,1296,256,918.8555194805116,2214.8555194805112,-0.5773020386695862,0.5761761963367462,2666600.0,20161013083052,/getlab/wjl11/study_high_mi_yd17/phantom/20161013_phan/dax/mmode/uri_SpV10388_VpF168_FpA8_20161013083052.rfd,dax,siemens s2000,phantom,2.7,66.0894346260622,11.0,,1
4882,rfd_liver_highmi.uri_SpV5192_VpF512_FpA7_20161025073622_5.mat,1024,256,510.8571428571429,1534.857142857143,-0.6073603630065918,0.6073603630065918,3636400.0,20161025073622,/getlab/wjl11/study_high_mi_yd17/phantom/20161025_phan/4c1/bmode/uri_SpV5192_VpF512_FpA7_20161025073638.rfd,4c1,siemens s2000,phantom,3.6,69.59837088762269,8.0,,1
4908,rfd_fetal_ch.uri_SpV7272_VpF908_FpA9_20121220110706_2.mat,1440,192,649.7662337662338,2089.7662337662337,-0.6073321182636755,0.6073321182636755,4444400.0,20121220110706,/emfd/vrk4/Fetal_SLSC/Data/Clinical_Data/SpecPh/uri_SpV7272_VpF908_FpA9_20121220110706.rfd,4c1,siemens s2000,phantom,4.4,69.5951342784976,8.0,,1
4973,rfd_liver_highmi.uri_SpV5192_VpF512_FpA7_20161123092314_5.mat,640,256,918.8555194805116,1558.8555194805115,-0.5773020386695862,0.5773020386695862,2666600.0,20161123092314,/getlab/wjl11/study_high_mi_yd17/phantom/20161212_phan/dax/bmode/uri_SpV5192_VpF512_FpA7_20161123092314.rfd,dax,siemens s2000,phantom,2.7,66.1539406401311,14.0,,1
4975,rfd_liver_highmi.uri_SpV5192_VpF512_FpA7_20160908073744_5.mat,1024,256,510.8571428571429,1534.857142857143,-0.6073603630065918,0.6073603630065918,3636400.0,20160908073744,/getlab/wjl11/study_high_mi_yd17/phantom/20160908/4c1/bmode/uri_SpV5192_VpF512_FpA7_20160908073744.rfd,4c1,siemens s2000,phantom,3.6,69.59837088762269,6.0,,1
4987,rfd_liver_highmi.uri_SpV5192_VpF512_FpA7_20161108101702_2.mat,640,256,918.8555194805116,1558.8555194805115,-0.5773020386695862,0.5773020386695862,2666600.0,20161108101702,/getlab/wjl11/study_high_mi_yd17/phantom/20161108_phan/dax/bmode/uri_SpV5192_VpF512_FpA7_20161108101702.rfd,dax,siemens s2000,phantom,2.7,66.1539406401311,14.0,,1
4996,rfd_fetal_ch.uri_SpV7272_VpF908_FpA9_20121220112624_2.mat,1440,192,649.7662337662338,2089.7662337662337,-0.6073321182636755,0.6073321182636755,4444400.0,20121220112624,/emfd/vrk4/Fetal_SLSC/Data/Clinical_Data/ImagPh/uri_SpV7272_VpF908_FpA9_20121220112624.rfd,4c1,siemens s2000,phantom,4.4,69.5951342784976,8.0,,1
4999,rfd_liver_highmi.uri_SpV10388_VpF168_FpA8_20161013082726_2.mat,2048,256,510.8571428571429,2558.857142857143,-0.6073603630065918,0.6084920167922974,3636400.0,20161013082726,/getlab/wjl11/study_high_mi_yd17/phantom/20161013_phan/4c1/mmode/uri_SpV10388_VpF168_FpA8_20161013082724.rfd,4c1,siemens s2000,phantom,3.6,69.6632098734136,6.0,,1
5031,rfd_liver_highmi.uri_SpV5192_VpF512_FpA7_20160901072953_6.mat,1024,256,510.8571428571429,1534.857142857143,-0.6073603630065918,0.6073603630065918,3636400.0,20160901072953,/getlab/wjl11/study_high_mi_yd17/phantom/20160901/4c1/bmode/uri_SpV5192_VpF512_FpA7_20160901072953.rfd,4c1,siemens s2000,phantom,3.6,69.59837088762269,8.0,,1
5039,rfd_liver_highmi.uri_SpV10388_VpF168_FpA8_20161212161836_2.mat,2048,256,510.8571428571429,2558.857142857143,-0.6073603630065918,0.6084920167922974,3636400.0,20161212161836,/getlab/wjl11/study_high_mi_yd17/phantom/20161212_phan/4c1/mmode/uri_SpV10388_VpF168_FpA8_20161212161831.rfd,4c1,siemens s2000,phantom,3.6,69.6632098734136,6.0,,1
5087,rfd_liver_highmi.uri_SpV5192_VpF512_FpA7_20161006124121_7.mat,1024,256,510.8571428571429,1534.857142857143,-0.6073603630065918,0.6073603630065918,3636400.0,20161006124121,/getlab/wjl11/study_high_mi_yd17/phantom/20161006_phan/4c1/bmode/uri_SpV5192_VpF512_FpA7_20161006124108.rfd,4c1,siemens s2000,phantom,3.6,69.59837088762269,6.0,,1
5117,rfd_liver_highmi.uri_SpV5192_VpF512_FpA7_20161025073638_6.mat,1024,256,510.8571428571429,1534.857142857143,-0.6073603630065918,0.6073603630065918,3636400.0,20161025073638,/getlab/wjl11/study_high_mi_yd17/phantom/20161025_phan/4c1/bmode/uri_SpV5192_VpF512_FpA7_20161025073638.rfd,4c1,siemens s2000,phantom,3.6,69.59837088762269,8.0,,1
5176,rfd_fetal_ch.uri_SpV7272_VpF908_FpA9_20121220112624_1.mat,800,192,360.981240981241,1160.981240981241,-0.6073321182636755,0.6073321182636755,2222200.0,20121220112624,/emfd/vrk4/Fetal_SLSC/Data/Clinical_Data/ImagPh/uri_SpV7272_VpF908_FpA9_20121220112624.rfd,4c1,siemens s2000,phantom,2.2,69.5951342784976,8.0,,0
5242,rfd_liver_highmi.uri_SpV10388_VpF168_FpA8_20161025073729_1.mat,2048,256,510.8571428571429,2558.857142857143,-0.6073603630065918,0.6084920167922974,3636400.0,20161025073729,/getlab/wjl11/study_high_mi_yd17/phantom/20161025_phan/4c1/mmode/uri_SpV10388_VpF168_FpA8_20161025073727.rfd,4c1,siemens s2000,phantom,3.6,69.6632098734136,6.0,,1
5266,rfd_liver_highmi.uri_SpV5192_VpF512_FpA7_20161123092509_5.mat,640,256,918.8555194805116,1558.8555194805115,-0.5773020386695862,0.5773020386695862,2666600.0,20161123092509,/getlab/wjl11/study_high_mi_yd17/phantom/20161212_phan/dax/bmode/uri_SpV5192_VpF512_FpA7_20161123092509.rfd,dax,siemens s2000,phantom,2.7,66.1539406401311,14.0,,1
5267,rfd_liver_highmi.uri_SpV5192_VpF512_FpA7_20160901073218_5.mat,640,256,918.8555194805116,1558.8555194805115,-0.5773020386695862,0.5773020386695862,2666600.0,20160901073218,/getlab/wjl11/study_high_mi_yd17/phantom/20160901/dax/bmode/uri_SpV5192_VpF512_FpA7_20160901073232.rfd,dax,siemens s2000,phantom,2.7,66.1539406401311,11.0,,1
5333,rfd_liver_highmi.uri_SpV5192_VpF512_FpA7_20161108101702_7.mat,640,256,918.8555194805116,1558.8555194805115,-0.5773020386695862,0.5773020386695862,2666600.0,20161108101702,/getlab/wjl11/study_high_mi_yd17/phantom/20161108_phan/dax/bmode/uri_SpV5192_VpF512_FpA7_20161108101702.rfd,dax,siemens s2000,phantom,2.7,66.1539406401311,14.0,,1
5430,rfd_liver_highmi.uri_SpV5192_VpF512_FpA7_20160817143603_6.mat,1024,256,510.8571428571429,1534.857142857143,-0.6073603630065918,0.6073603630065918,3636400.0,20160817143603,/getlab/wjl11/study_high_mi_yd17/phantom/20160817/4c1/bmode/uri_SpV5192_VpF512_FpA7_20160817143603.rfd,4c1,siemens s2000,phantom,3.6,69.59837088762269,6.0,,1
5526,rfd_liver_highmi.uri_SpV5192_VpF512_FpA7_20161212161740_5.mat,1024,256,510.8571428571429,1534.857142857143,-0.6073603630065918,0.6073603630065918,3636400.0,20161212161740,/getlab/wjl11/study_high_mi_yd17/phantom/20161212_phan/4c1/bmode/uri_SpV5192_VpF512_FpA7_20161212161740.rfd,4c1,siemens s2000,phantom,3.6,69.59837088762269,6.0,,1
5560,rfd_fetal_ch.uri_SpV6232_VpF908_FpA9_20130109142548_2.mat,1232,192,649.7662337662338,1881.7662337662325,-0.6073321182636755,0.6073321182636755,4444400.0,20130109142548,/emfd/vrk4/Fetal_SLSC/Data/Clinical_Data/BabyPh/uri_SpV6232_VpF908_FpA9_20130109142536.rfd,4c1,siemens s2000,phantom,4.4,69.5951342784976,6.0,,1
5574,rfd_liver_highmi.uri_SpV5192_VpF512_FpA7_20160817143603_2.mat,1024,256,510.8571428571429,1534.857142857143,-0.6073603630065918,0.6073603630065918,3636400.0,20160817143603,/getlab/wjl11/study_high_mi_yd17/phantom/20160817/4c1/bmode/uri_SpV5192_VpF512_FpA7_20160817143603.rfd,4c1,siemens s2000,phantom,3.6,69.59837088762269,6.0,,1
5588,rfd_liver_highmi.uri_SpV10388_VpF168_FpA8_20161212161832_2.mat,2048,256,510.8571428571429,2558.857142857143,-0.6073603630065918,0.6084920167922974,3636400.0,20161212161832,/getlab/wjl11/study_high_mi_yd17/phantom/20161212_phan/4c1/mmode/uri_SpV10388_VpF168_FpA8_20161212161831.rfd,4c1,siemens s2000,phantom,3.6,69.6632098734136,6.0,,1
5611,rfd_liver_highmi.uri_SpV5192_VpF512_FpA7_20161212162035_3.mat,640,256,918.8555194805116,1558.8555194805115,-0.5773020386695862,0.5773020386695862,2666600.0,20161212162035,/getlab/wjl11/study_high_mi_yd17/phantom/20161212_phan/dax/bmode/uri_SpV5192_VpF512_FpA7_20161212162035.rfd,dax,siemens s2000,phantom,2.7,66.1539406401311,11.0,,1
5625,rfd_liver_highmi.uri_SpV10388_VpF168_FpA8_20161025073732_1.mat,2048,256,510.8571428571429,2558.857142857143,-0.6073603630065918,0.6084920167922974,3636400.0,20161025073732,/getlab/wjl11/study_high_mi_yd17/phantom/20161025_phan/4c1/mmode/uri_SpV10388_VpF168_FpA8_20161025073727.rfd,4c1,siemens s2000,phantom,3.6,69.6632098734136,6.0,,1
5729,rfd_liver_highmi.uri_SpV5192_VpF512_FpA7_20161006124347_1.mat,640,256,918.8555194805116,1558.8555194805115,-0.5773020386695862,0.5773020386695862,2666600.0,20161006124347,/getlab/wjl11/study_high_mi_yd17/phantom/20161006_phan/dax/bmode/uri_SpV5192_VpF512_FpA7_20161006124347.rfd,dax,siemens s2000,phantom,2.7,66.1539406401311,11.0,,1
5788,rfd_liver_highmi.uri_SpV5192_VpF512_FpA7_20161013082547_4.mat,1024,256,510.8571428571429,1534.857142857143,-0.6073603630065918,0.6073603630065918,3636400.0,20161013082547,/getlab/wjl11/study_high_mi_yd17/phantom/20161013_phan/4c1/bmode/uri_SpV5192_VpF512_FpA7_20161013082532.rfd,4c1,siemens s2000,phantom,3.6,69.59837088762269,6.0,,1
5794,rfd_liver_highmi.uri_SpV5192_VpF512_FpA7_20161006124347_6.mat,640,256,918.8555194805116,1558.8555194805115,-0.5773020386695862,0.5773020386695862,2666600.0,20161006124347,/getlab/wjl11/study_high_mi_yd17/phantom/20161006_phan/dax/bmode/uri_SpV5192_VpF512_FpA7_20161006124347.rfd,dax,siemens s2000,phantom,2.7,66.1539406401311,11.0,,1
5899,rfd_liver_highmi.uri_SpV5192_VpF512_FpA7_20161108101636_6.mat,640,256,918.8555194805116,1558.8555194805115,-0.5773020386695862,0.5773020386695862,2666600.0,20161108101636,/getlab/wjl11/study_high_mi_yd17/phantom/20161108_phan/dax/bmode/uri_SpV5192_VpF512_FpA7_20161108101636.rfd,dax,siemens s2000,phantom,2.7,66.1539406401311,11.0,,1
5914,rfd_liver_highmi.uri_SpV5192_VpF512_FpA7_20160817143843_3.mat,640,256,918.8555194805116,1558.8555194805115,-0.5773020386695862,0.5773020386695862,2666600.0,20160817143843,/getlab/wjl11/study_high_mi_yd17/phantom/20160817/dax/bmode/uri_SpV5192_VpF512_FpA7_20160817143828.rfd,dax,siemens s2000,phantom,2.7,66.1539406401311,11.0,,1
5937,rfd_liver_highmi.uri_SpV5192_VpF512_FpA7_20161108101636_7.mat,640,256,918.8555194805116,1558.8555194805115,-0.5773020386695862,0.5773020386695862,2666600.0,20161108101636,/getlab/wjl11/study_high_mi_yd17/phantom/20161108_phan/dax/bmode/uri_SpV5192_VpF512_FpA7_20161108101636.rfd,dax,siemens s2000,phantom,2.7,66.1539406401311,11.0,,1
5994,rfd_liver_highmi.uri_SpV5192_VpF512_FpA7_20160908073801_7.mat,1024,256,510.8571428571429,1534.857142857143,-0.6073603630065918,0.6073603630065918,3636400.0,20160908073801,/getlab/wjl11/study_high_mi_yd17/phantom/20160908/4c1/bmode/uri_SpV5192_VpF512_FpA7_20160908073801.rfd,4c1,siemens s2000,phantom,3.6,69.59837088762269,8.0,,1
6040,rfd_liver_highmi.uri_SpV10388_VpF168_FpA8_20161212161831_2.mat,2048,256,510.8571428571429,2558.857142857143,-0.6073603630065918,0.6084920167922974,3636400.0,20161212161831,/getlab/wjl11/study_high_mi_yd17/phantom/20161212_phan/4c1/mmode/uri_SpV10388_VpF168_FpA8_20161212161831.rfd,4c1,siemens s2000,phantom,3.6,69.6632098734136,6.0,,1
6191,rfd_liver_highmi.uri_SpV5192_VpF512_FpA7_20161006124401_1.mat,640,256,918.8555194805116,1558.8555194805115,-0.5773020386695862,0.5773020386695862,2666600.0,20161006124401,/getlab/wjl11/study_high_mi_yd17/phantom/20161006_phan/dax/bmode/uri_SpV5192_VpF512_FpA7_20161006124401.rfd,dax,siemens s2000,phantom,2.7,66.1539406401311,14.0,,1
6213,rfd_liver_highmi.uri_SpV5192_VpF512_FpA7_20160901073232_2.mat,640,256,918.8555194805116,1558.8555194805115,-0.5773020386695862,0.5773020386695862,2666600.0,20160901073232,/getlab/wjl11/study_high_mi_yd17/phantom/20160901/dax/bmode/uri_SpV5192_VpF512_FpA7_20160901073232.rfd,dax,siemens s2000,phantom,2.7,66.1539406401311,11.0,,1
6296,rfd_liver_highmi.uri_SpV5192_VpF512_FpA7_20161006124401_7.mat,640,256,918.8555194805116,1558.8555194805115,-0.5773020386695862,0.5773020386695862,2666600.0,20161006124401,/getlab/wjl11/study_high_mi_yd17/phantom/20161006_phan/dax/bmode/uri_SpV5192_VpF512_FpA7_20161006124401.rfd,dax,siemens s2000,phantom,2.7,66.1539406401311,14.0,,1
6322,rfd_liver_highmi.uri_SpV10388_VpF168_FpA8_20161013083045_2.mat,1296,256,918.8555194805116,2214.8555194805112,-0.5773020386695862,0.5761761963367462,2666600.0,20161013083045,/getlab/wjl11/study_high_mi_yd17/phantom/20161013_phan/dax/mmode/uri_SpV10388_VpF168_FpA8_20161013083052.rfd,dax,siemens s2000,phantom,2.7,66.0894346260622,11.0,,1
6359,rfd_liver_highmi.uri_SpV5192_VpF512_FpA7_20161025073847_6.mat,640,256,918.8555194805116,1558.8555194805115,-0.5773020386695862,0.5773020386695862,2666600.0,20161025073847,/getlab/wjl11/study_high_mi_yd17/phantom/20161025_phan/dax/bmode/uri_SpV5192_VpF512_FpA7_20161025073847.rfd,dax,siemens s2000,phantom,2.7,66.1539406401311,11.0,,1
6416,rfd_liver_highmi.uri_SpV10388_VpF168_FpA8_20161006124211_1.mat,2048,256,510.8571428571429,2558.857142857143,-0.6073603630065918,0.6084920167922974,3636400.0,20161006124211,/getlab/wjl11/study_high_mi_yd17/phantom/20161006_phan/4c1/mmode/uri_SpV10388_VpF168_FpA8_20161006124207.rfd,4c1,siemens s2000,phantom,3.6,69.6632098734136,6.0,,1
6444,rfd_liver_highmi.uri_SpV10388_VpF168_FpA8_20161212162138_1.mat,1296,256,918.8555194805116,2214.8555194805112,-0.5773020386695862,0.5761761963367462,2666600.0,20161212162138,/getlab/wjl11/study_high_mi_yd17/phantom/20161212_phan/dax/mmode/uri_SpV10388_VpF168_FpA8_20161212162138.rfd,dax,siemens s2000,phantom,2.7,66.0894346260622,11.0,,1
6470,rfd_liver_highmi.uri_SpV10388_VpF168_FpA8_20161006124501_1.mat,1296,256,918.8555194805116,2214.8555194805112,-0.5773020386695862,0.5761761963367462,2666600.0,20161006124501,/getlab/wjl11/study_high_mi_yd17/phantom/20161006_phan/dax/mmode/uri_SpV10388_VpF168_FpA8_20161006124501.rfd,dax,siemens s2000,phantom,2.7,66.0894346260622,11.0,,1
6509,rfd_liver_highmi.uri_SpV10388_VpF168_FpA8_20161013082724_2.mat,2048,256,510.8571428571429,2558.857142857143,-0.6073603630065918,0.6084920167922974,3636400.0,20161013082724,/getlab/wjl11/study_high_mi_yd17/phantom/20161013_phan/4c1/mmode/uri_SpV10388_VpF168_FpA8_20161013082724.rfd,4c1,siemens s2000,phantom,3.6,69.6632098734136,6.0,,1
6598,rfd_liver_highmi.uri_SpV5192_VpF512_FpA7_20160817143548_3.mat,1024,256,510.8571428571429,1534.857142857143,-0.6073603630065918,0.6073603630065918,3636400.0,20160817143548,/getlab/wjl11/study_high_mi_yd17/phantom/20160817/4c1/bmode/uri_SpV5192_VpF512_FpA7_20160817143548.rfd,4c1,siemens s2000,phantom,3.6,69.59837088762269,4.0,,1
6713,rfd_liver_highmi.uri_SpV10388_VpF168_FpA8_20161212162143_2.mat,1296,256,918.8555194805116,2214.8555194805112,-0.5773020386695862,0.5761761963367462,2666600.0,20161212162143,/getlab/wjl11/study_high_mi_yd17/phantom/20161212_phan/dax/mmode/uri_SpV10388_VpF168_FpA8_20161212162138.rfd,dax,siemens s2000,phantom,2.7,66.0894346260622,11.0,,1
6735,rfd_liver_highmi.uri_SpV5192_VpF512_FpA7_20161108101636_4.mat,640,256,918.8555194805116,1558.8555194805115,-0.5773020386695862,0.5773020386695862,2666600.0,20161108101636,/getlab/wjl11/study_high_mi_yd17/phantom/20161108_phan/dax/bmode/uri_SpV5192_VpF512_FpA7_20161108101636.rfd,dax,siemens s2000,phantom,2.7,66.1539406401311,11.0,,1
6770,rfd_liver_highmi.uri_SpV5192_VpF512_FpA7_20161006124347_2.mat,640,256,918.8555194805116,1558.8555194805115,-0.5773020386695862,0.5773020386695862,2666600.0,20161006124347,/getlab/wjl11/study_high_mi_yd17/phantom/20161006_phan/dax/bmode/uri_SpV5192_VpF512_FpA7_20161006124347.rfd,dax,siemens s2000,phantom,2.7,66.1539406401311,11.0,,1
6801,rfd_liver_highmi.uri_SpV5192_VpF512_FpA7_20160817143603_4.mat,1024,256,510.8571428571429,1534.857142857143,-0.6073603630065918,0.6073603630065918,3636400.0,20160817143603,/getlab/wjl11/study_high_mi_yd17/phantom/20160817/4c1/bmode/uri_SpV5192_VpF512_FpA7_20160817143603.rfd,4c1,siemens s2000,phantom,3.6,69.59837088762269,6.0,,1
6836,rfd_liver_highmi.uri_SpV5192_VpF512_FpA7_20161123092107_1.mat,1024,256,510.8571428571429,1534.857142857143,-0.6073603630065918,0.6073603630065918,3636400.0,20161123092107,/getlab/wjl11/study_high_mi_yd17/phantom/20161212_phan/4c1/bmode/uri_SpV5192_VpF512_FpA7_20161123092107.rfd,4c1,siemens s2000,phantom,3.6,69.59837088762269,8.0,,1
6873,rfd_liver_highmi.uri_SpV5192_VpF512_FpA7_20160817143619_3.mat,1024,256,510.8571428571429,1534.857142857143,-0.6073603630065918,0.6073603630065918,3636400.0,20160817143619,/getlab/wjl11/study_high_mi_yd17/phantom/20160817/4c1/bmode/uri_SpV5192_VpF512_FpA7_20160817143603.rfd,4c1,siemens s2000,phantom,3.6,69.59837088762269,6.0,,1
6957,rfd_liver_highmi.uri_SpV5192_VpF512_FpA7_20161013082547_3.mat,1024,256,510.8571428571429,1534.857142857143,-0.6073603630065918,0.6073603630065918,3636400.0,20161013082547,/getlab/wjl11/study_high_mi_yd17/phantom/20161013_phan/4c1/bmode/uri_SpV5192_VpF512_FpA7_20161013082532.rfd,4c1,siemens s2000,phantom,3.6,69.59837088762269,6.0,,1
7041,rfd_liver_highmi.uri_SpV10388_VpF168_FpA8_20160908073920_2.mat,2048,256,510.8571428571429,2558.857142857143,-0.6073603630065918,0.6084920167922974,3636400.0,20160908073920,/getlab/wjl11/study_high_mi_yd17/phantom/20160908/4c1/mmode/uri_SpV10388_VpF168_FpA8_20160908073920.rfd,4c1,siemens s2000,phantom,3.6,69.6632098734136,6.0,,1
7097,rfd_liver_highmi.uri_SpV5192_VpF512_FpA7_20160901073218_7.mat,640,256,918.8555194805116,1558.8555194805115,-0.5773020386695862,0.5773020386695862,2666600.0,20160901073218,/getlab/wjl11/study_high_mi_yd17/phantom/20160901/dax/bmode/uri_SpV5192_VpF512_FpA7_20160901073232.rfd,dax,siemens s2000,phantom,2.7,66.1539406401311,11.0,,1
7144,rfd_liver_highmi.uri_SpV5192_VpF512_FpA7_20160817143548_6.mat,1024,256,510.8571428571429,1534.857142857143,-0.6073603630065918,0.6073603630065918,3636400.0,20160817143548,/getlab/wjl11/study_high_mi_yd17/phantom/20160817/4c1/bmode/uri_SpV5192_VpF512_FpA7_20160817143548.rfd,4c1,siemens s2000,phantom,3.6,69.59837088762269,4.0,,1
7158,rfd_liver_highmi.uri_SpV5192_VpF512_FpA7_20161025073622_1.mat,1024,256,510.8571428571429,1534.857142857143,-0.6073603630065918,0.6073603630065918,3636400.0,20161025073622,/getlab/wjl11/study_high_mi_yd17/phantom/20161025_phan/4c1/bmode/uri_SpV5192_VpF512_FpA7_20161025073638.rfd,4c1,siemens s2000,phantom,3.6,69.59837088762269,8.0,,1
7218,rfd_liver_highmi.uri_SpV10388_VpF168_FpA8_20160901073053_1.mat,2048,256,510.8571428571429,2558.857142857143,-0.6073603630065918,0.6084920167922974,3636400.0,20160901073053,/getlab/wjl11/study_high_mi_yd17/phantom/20160901/4c1/mmode/uri_SpV10388_VpF168_FpA8_20160901073051.rfd,4c1,siemens s2000,phantom,3.6,69.6632098734136,6.0,,1
7265,rfd_liver_highmi.uri_SpV5192_VpF512_FpA7_20161025073905_1.mat,640,256,918.8555194805116,1558.8555194805115,-0.5773020386695862,0.5773020386695862,2666600.0,20161025073905,/getlab/wjl11/study_high_mi_yd17/phantom/20161025_phan/dax/bmode/uri_SpV5192_VpF512_FpA7_20161025073905.rfd,dax,siemens s2000,phantom,2.7,66.1539406401311,14.0,,1
7282,rfd_liver_highmi.uri_SpV10388_VpF168_FpA8_20161006124458_1.mat,1296,256,918.8555194805116,2214.8555194805112,-0.5773020386695862,0.5761761963367462,2666600.0,20161006124458,/getlab/wjl11/study_high_mi_yd17/phantom/20161006_phan/dax/mmode/uri_SpV10388_VpF168_FpA8_20161006124456.rfd,dax,siemens s2000,phantom,2.7,66.0894346260622,11.0,,1
7297,rfd_liver_highmi.uri_SpV5192_VpF512_FpA7_20161013082547_5.mat,1024,256,510.8571428571429,1534.857142857143,-0.6073603630065918,0.6073603630065918,3636400.0,20161013082547,/getlab/wjl11/study_high_mi_yd17/phantom/20161013_phan/4c1/bmode/uri_SpV5192_VpF512_FpA7_20161013082532.rfd,4c1,siemens s2000,phantom,3.6,69.59837088762269,6.0,,1
7380,rfd_liver_highmi.uri_SpV10388_VpF168_FpA8_20161025074002_1.mat,1296,256,918.8555194805116,2214.8555194805112,-0.5773020386695862,0.5761761963367462,2666600.0,20161025074002,/getlab/wjl11/study_high_mi_yd17/phantom/20161025_phan/dax/mmode/uri_SpV10388_VpF168_FpA8_20161025074002.rfd,dax,siemens s2000,phantom,2.7,66.0894346260622,11.0,,1
7395,rfd_liver_highmi.uri_SpV5192_VpF512_FpA7_20161006124121_3.mat,1024,256,510.8571428571429,1534.857142857143,-0.6073603630065918,0.6073603630065918,3636400.0,20161006124121,/getlab/wjl11/study_high_mi_yd17/phantom/20161006_phan/4c1/bmode/uri_SpV5192_VpF512_FpA7_20161006124108.rfd,4c1,siemens s2000,phantom,3.6,69.59837088762269,6.0,,1
7416,rfd_liver_highmi.uri_SpV10388_VpF168_FpA8_20161108101755_1.mat,1296,256,918.8555194805116,2214.8555194805112,-0.5773020386695862,0.5761761963367462,2666600.0,20161108101755,/getlab/wjl11/study_high_mi_yd17/phantom/20161108_phan/dax/mmode/uri_SpV10388_VpF168_FpA8_20161108101755.rfd,dax,siemens s2000,phantom,2.7,66.0894346260622,11.0,,1
7431,rfd_liver_highmi.uri_SpV10388_VpF168_FpA8_20161108101439_2.mat,2048,256,510.8571428571429,2558.857142857143,-0.6073603630065918,0.6084920167922974,3636400.0,20161108101439,/getlab/wjl11/study_high_mi_yd17/phantom/20161108_phan/4c1/mmode/uri_SpV10388_VpF168_FpA8_20161108101434.rfd,4c1,siemens s2000,phantom,3.6,69.6632098734136,6.0,,1
7438,rfd_liver_highmi.uri_SpV5192_VpF512_FpA7_20161123092107_2.mat,1024,256,510.8571428571429,1534.857142857143,-0.6073603630065918,0.6073603630065918,3636400.0,20161123092107,/getlab/wjl11/study_high_mi_yd17/phantom/20161212_phan/4c1/bmode/uri_SpV5192_VpF512_FpA7_20161123092107.rfd,4c1,siemens s2000,phantom,3.6,69.59837088762269,8.0,,1
7449,rfd_liver_highmi.uri_SpV5192_VpF512_FpA7_20161006124121_5.mat,1024,256,510.8571428571429,1534.857142857143,-0.6073603630065918,0.6073603630065918,3636400.0,20161006124121,/getlab/wjl11/study_high_mi_yd17/phantom/20161006_phan/4c1/bmode/uri_SpV5192_VpF512_FpA7_20161006124108.rfd,4c1,siemens s2000,phantom,3.6,69.59837088762269,6.0,,1
7495,rfd_liver_highmi.uri_SpV5192_VpF512_FpA7_20160908073801_2.mat,1024,256,510.8571428571429,1534.857142857143,-0.6073603630065918,0.6073603630065918,3636400.0,20160908073801,/getlab/wjl11/study_high_mi_yd17/phantom/20160908/4c1/bmode/uri_SpV5192_VpF512_FpA7_20160908073801.rfd,4c1,siemens s2000,phantom,3.6,69.59837088762269,8.0,,1
7515,rfd_liver_highmi.uri_SpV10388_VpF168_FpA8_20160908073924_2.mat,2048,256,510.8571428571429,2558.857142857143,-0.6073603630065918,0.6084920167922974,3636400.0,20160908073924,/getlab/wjl11/study_high_mi_yd17/phantom/20160908/4c1/mmode/uri_SpV10388_VpF168_FpA8_20160908073920.rfd,4c1,siemens s2000,phantom,3.6,69.6632098734136,6.0,,1
7529,rfd_liver_highmi.uri_SpV5192_VpF512_FpA7_20161006124121_2.mat,1024,256,510.8571428571429,1534.857142857143,-0.6073603630065918,0.6073603630065918,3636400.0,20161006124121,/getlab/wjl11/study_high_mi_yd17/phantom/20161006_phan/4c1/bmode/uri_SpV5192_VpF512_FpA7_20161006124108.rfd,4c1,siemens s2000,phantom,3.6,69.59837088762269,6.0,,1
7550,rfd_liver_highmi.uri_SpV5192_VpF512_FpA7_20161123092509_4.mat,640,256,918.8555194805116,1558.8555194805115,-0.5773020386695862,0.5773020386695862,2666600.0,20161123092509,/getlab/wjl11/study_high_mi_yd17/phantom/20161212_phan/dax/bmode/uri_SpV5192_VpF512_FpA7_20161123092509.rfd,dax,siemens s2000,phantom,2.7,66.1539406401311,14.0,,1
7552,rfd_liver_highmi.uri_SpV5192_VpF512_FpA7_20161025073638_3.mat,1024,256,510.8571428571429,1534.857142857143,-0.6073603630065918,0.6073603630065918,3636400.0,20161025073638,/getlab/wjl11/study_high_mi_yd17/phantom/20161025_phan/4c1/bmode/uri_SpV5192_VpF512_FpA7_20161025073638.rfd,4c1,siemens s2000,phantom,3.6,69.59837088762269,8.0,,1
7573,rfd_fetal_ch.uri_SpV7272_VpF908_FpA9_20121220110706_1.mat,800,192,360.981240981241,1160.981240981241,-0.6073321182636755,0.6073321182636755,2222200.0,20121220110706,/emfd/vrk4/Fetal_SLSC/Data/Clinical_Data/SpecPh/uri_SpV7272_VpF908_FpA9_20121220110706.rfd,4c1,siemens s2000,phantom,2.2,69.5951342784976,8.0,,0
7608,rfd_liver_highmi.uri_SpV5192_VpF512_FpA7_20161006124347_5.mat,640,256,918.8555194805116,1558.8555194805115,-0.5773020386695862,0.5773020386695862,2666600.0,20161006124347,/getlab/wjl11/study_high_mi_yd17/phantom/20161006_phan/dax/bmode/uri_SpV5192_VpF512_FpA7_20161006124347.rfd,dax,siemens s2000,phantom,2.7,66.1539406401311,11.0,,1
7625,rfd_liver_highmi.uri_SpV5192_VpF512_FpA7_20161108101324_6.mat,1024,256,510.8571428571429,1534.857142857143,-0.6073603630065918,0.6073603630065918,3636400.0,20161108101324,/getlab/wjl11/study_high_mi_yd17/phantom/20161108_phan/4c1/bmode/uri_SpV5192_VpF512_FpA7_20161108101324.rfd,4c1,siemens s2000,phantom,3.6,69.59837088762269,6.0,,1
7627,rfd_liver_highmi.uri_SpV5192_VpF512_FpA7_20161013082547_1.mat,1024,256,510.8571428571429,1534.857142857143,-0.6073603630065918,0.6073603630065918,3636400.0,20161013082547,/getlab/wjl11/study_high_mi_yd17/phantom/20161013_phan/4c1/bmode/uri_SpV5192_VpF512_FpA7_20161013082532.rfd,4c1,siemens s2000,phantom,3.6,69.59837088762269,6.0,,1
7634,rfd_liver_highmi.uri_SpV10388_VpF168_FpA8_20161006124209_1.mat,2048,256,510.8571428571429,2558.857142857143,-0.6073603630065918,0.6084920167922974,3636400.0,20161006124209,/getlab/wjl11/study_high_mi_yd17/phantom/20161006_phan/4c1/mmode/uri_SpV10388_VpF168_FpA8_20161006124207.rfd,4c1,siemens s2000,phantom,3.6,69.6632098734136,6.0,,1
7638,rfd_liver_highmi.uri_SpV10388_VpF168_FpA8_20161006124503_1.mat,1296,256,918.8555194805116,2214.8555194805112,-0.5773020386695862,0.5761761963367462,2666600.0,20161006124503,/getlab/wjl11/study_high_mi_yd17/phantom/20161006_phan/dax/mmode/uri_SpV10388_VpF168_FpA8_20161006124501.rfd,dax,siemens s2000,phantom,2.7,66.0894346260622,11.0,,1
7646,rfd_liver_highmi.uri_SpV5192_VpF512_FpA7_20161123092314_2.mat,640,256,918.8555194805116,1558.8555194805115,-0.5773020386695862,0.5773020386695862,2666600.0,20161123092314,/getlab/wjl11/study_high_mi_yd17/phantom/20161212_phan/dax/bmode/uri_SpV5192_VpF512_FpA7_20161123092314.rfd,dax,siemens s2000,phantom,2.7,66.1539406401311,14.0,,1
7654,rfd_liver_highmi.uri_SpV10388_VpF168_FpA8_20160908073924_1.mat,2048,256,510.8571428571429,2558.857142857143,-0.6073603630065918,0.6084920167922974,3636400.0,20160908073924,/getlab/wjl11/study_high_mi_yd17/phantom/20160908/4c1/mmode/uri_SpV10388_VpF168_FpA8_20160908073920.rfd,4c1,siemens s2000,phantom,3.6,69.6632098734136,6.0,,1
7745,rfd_liver_highmi.uri_SpV5192_VpF512_FpA7_20161123092107_6.mat,1024,256,510.8571428571429,1534.857142857143,-0.6073603630065918,0.6073603630065918,3636400.0,20161123092107,/getlab/wjl11/study_high_mi_yd17/phantom/20161212_phan/4c1/bmode/uri_SpV5192_VpF512_FpA7_20161123092107.rfd,4c1,siemens s2000,phantom,3.6,69.59837088762269,8.0,,1
7822,rfd_liver_highmi.uri_SpV5192_VpF512_FpA7_20160817143603_7.mat,1024,256,510.8571428571429,1534.857142857143,-0.6073603630065918,0.6073603630065918,3636400.0,20160817143603,/getlab/wjl11/study_high_mi_yd17/phantom/20160817/4c1/bmode/uri_SpV5192_VpF512_FpA7_20160817143603.rfd,4c1,siemens s2000,phantom,3.6,69.59837088762269,6.0,,1
7827,rfd_liver_highmi.uri_SpV10388_VpF168_FpA8_20160908073922_1.mat,2048,256,510.8571428571429,2558.857142857143,-0.6073603630065918,0.6084920167922974,3636400.0,20160908073922,/getlab/wjl11/study_high_mi_yd17/phantom/20160908/4c1/mmode/uri_SpV10388_VpF168_FpA8_20160908073920.rfd,4c1,siemens s2000,phantom,3.6,69.6632098734136,6.0,,1
7830,rfd_liver_highmi.uri_SpV10388_VpF168_FpA8_20161006124213_1.mat,2048,256,510.8571428571429,2558.857142857143,-0.6073603630065918,0.6084920167922974,3636400.0,20161006124213,/getlab/wjl11/study_high_mi_yd17/phantom/20161006_phan/4c1/mmode/uri_SpV10388_VpF168_FpA8_20161006124207.rfd,4c1,siemens s2000,phantom,3.6,69.6632098734136,6.0,,1
7837,rfd_liver_highmi.uri_SpV5192_VpF512_FpA7_20160908073744_3.mat,1024,256,510.8571428571429,1534.857142857143,-0.6073603630065918,0.6073603630065918,3636400.0,20160908073744,/getlab/wjl11/study_high_mi_yd17/phantom/20160908/4c1/bmode/uri_SpV5192_VpF512_FpA7_20160908073744.rfd,4c1,siemens s2000,phantom,3.6,69.59837088762269,6.0,,1
7901,rfd_liver_highmi.uri_SpV5192_VpF512_FpA7_20160901072953_7.mat,1024,256,510.8571428571429,1534.857142857143,-0.6073603630065918,0.6073603630065918,3636400.0,20160901072953,/getlab/wjl11/study_high_mi_yd17/phantom/20160901/4c1/bmode/uri_SpV5192_VpF512_FpA7_20160901072953.rfd,4c1,siemens s2000,phantom,3.6,69.59837088762269,8.0,,1
7954,rfd_liver_highmi.uri_SpV5192_VpF512_FpA7_20161108101324_3.mat,1024,256,510.8571428571429,1534.857142857143,-0.6073603630065918,0.6073603630065918,3636400.0,20161108101324,/getlab/wjl11/study_high_mi_yd17/phantom/20161108_phan/4c1/bmode/uri_SpV5192_VpF512_FpA7_20161108101324.rfd,4c1,siemens s2000,phantom,3.6,69.59837088762269,6.0,,1
7960,rfd_liver_highmi.uri_SpV5192_VpF512_FpA7_20161108101324_1.mat,1024,256,510.8571428571429,1534.857142857143,-0.6073603630065918,0.6073603630065918,3636400.0,20161108101324,/getlab/wjl11/study_high_mi_yd17/phantom/20161108_phan/4c1/bmode/uri_SpV5192_VpF512_FpA7_20161108101324.rfd,4c1,siemens s2000,phantom,3.6,69.59837088762269,6.0,,1
8000,rfd_liver_highmi.uri_SpV5192_VpF512_FpA7_20161025073638_2.mat,1024,256,510.8571428571429,1534.857142857143,-0.6073603630065918,0.6073603630065918,3636400.0,20161025073638,/getlab/wjl11/study_high_mi_yd17/phantom/20161025_phan/4c1/bmode/uri_SpV5192_VpF512_FpA7_20161025073638.rfd,4c1,siemens s2000,phantom,3.6,69.59837088762269,8.0,,1
8014,rfd_liver_highmi.uri_SpV10388_VpF168_FpA8_20161108101438_1.mat,2048,256,510.8571428571429,2558.857142857143,-0.6073603630065918,0.6084920167922974,3636400.0,20161108101438,/getlab/wjl11/study_high_mi_yd17/phantom/20161108_phan/4c1/mmode/uri_SpV10388_VpF168_FpA8_20161108101434.rfd,4c1,siemens s2000,phantom,3.6,69.6632098734136,6.0,,1
8028,rfd_liver_highmi.uri_SpV10388_VpF168_FpA8_20161108101438_2.mat,2048,256,510.8571428571429,2558.857142857143,-0.6073603630065918,0.6084920167922974,3636400.0,20161108101438,/getlab/wjl11/study_high_mi_yd17/phantom/20161108_phan/4c1/mmode/uri_SpV10388_VpF168_FpA8_20161108101434.rfd,4c1,siemens s2000,phantom,3.6,69.6632098734136,6.0,,1
8031,rfd_liver_highmi.uri_SpV10388_VpF168_FpA8_20160817143942_2.mat,1296,256,918.8555194805116,2214.8555194805112,-0.5773020386695862,0.5761761963367462,2666600.0,20160817143942,/getlab/wjl11/study_high_mi_yd17/phantom/20160817/dax/mmode/uri_SpV10388_VpF168_FpA8_20160817143939.rfd,dax,siemens s2000,phantom,2.7,66.0894346260622,11.0,,1
8051,rfd_liver_highmi.uri_SpV5192_VpF512_FpA7_20161123092509_3.mat,640,256,918.8555194805116,1558.8555194805115,-0.5773020386695862,0.5773020386695862,2666600.0,20161123092509,/getlab/wjl11/study_high_mi_yd17/phantom/20161212_phan/dax/bmode/uri_SpV5192_VpF512_FpA7_20161123092509.rfd,dax,siemens s2000,phantom,2.7,66.1539406401311,14.0,,1
8073,rfd_liver_highmi.uri_SpV5192_VpF512_FpA7_20161108101324_7.mat,1024,256,510.8571428571429,1534.857142857143,-0.6073603630065918,0.6073603630065918,3636400.0,20161108101324,/getlab/wjl11/study_high_mi_yd17/phantom/20161108_phan/4c1/bmode/uri_SpV5192_VpF512_FpA7_20161108101324.rfd,4c1,siemens s2000,phantom,3.6,69.59837088762269,6.0,,1
8074,rfd_liver_highmi.uri_SpV5192_VpF512_FpA7_20160817143619_4.mat,1024,256,510.8571428571429,1534.857142857143,-0.6073603630065918,0.6073603630065918,3636400.0,20160817143619,/getlab/wjl11/study_high_mi_yd17/phantom/20160817/4c1/bmode/uri_SpV5192_VpF512_FpA7_20160817143603.rfd,4c1,siemens s2000,phantom,3.6,69.59837088762269,6.0,,1
8127,rfd_liver_highmi.uri_SpV5192_VpF512_FpA7_20161006124401_5.mat,640,256,918.8555194805116,1558.8555194805115,-0.5773020386695862,0.5773020386695862,2666600.0,20161006124401,/getlab/wjl11/study_high_mi_yd17/phantom/20161006_phan/dax/bmode/uri_SpV5192_VpF512_FpA7_20161006124401.rfd,dax,siemens s2000,phantom,2.7,66.1539406401311,14.0,,1
8167,rfd_liver_highmi.uri_SpV5192_VpF512_FpA7_20160901073218_4.mat,640,256,918.8555194805116,1558.8555194805115,-0.5773020386695862,0.5773020386695862,2666600.0,20160901073218,/getlab/wjl11/study_high_mi_yd17/phantom/20160901/dax/bmode/uri_SpV5192_VpF512_FpA7_20160901073232.rfd,dax,siemens s2000,phantom,2.7,66.1539406401311,11.0,,1
8171,rfd_fetal_ch.uri_SpV6232_VpF908_FpA9_20130109142249_2.mat,1232,192,649.7662337662338,1881.7662337662325,-0.6073321182636755,0.6073321182636755,4444400.0,20130109142249,/emfd/vrk4/Fetal_SLSC/Data/Clinical_Data/BabyPh/uri_SpV6232_VpF908_FpA9_20130109142249.rfd,4c1,siemens s2000,phantom,4.4,69.5951342784976,6.0,,1
8180,rfd_liver_highmi.uri_SpV5192_VpF512_FpA7_20160817143843_5.mat,640,256,918.8555194805116,1558.8555194805115,-0.5773020386695862,0.5773020386695862,2666600.0,20160817143843,/getlab/wjl11/study_high_mi_yd17/phantom/20160817/dax/bmode/uri_SpV5192_VpF512_FpA7_20160817143828.rfd,dax,siemens s2000,phantom,2.7,66.1539406401311,11.0,,1
8212,rfd_liver_highmi.uri_SpV5192_VpF512_FpA7_20161025073622_3.mat,1024,256,510.8571428571429,1534.857142857143,-0.6073603630065918,0.6073603630065918,3636400.0,20161025073622,/getlab/wjl11/study_high_mi_yd17/phantom/20161025_phan/4c1/bmode/uri_SpV5192_VpF512_FpA7_20161025073638.rfd,4c1,siemens s2000,phantom,3.6,69.59837088762269,8.0,,1
8339,rfd_liver_highmi.uri_SpV10388_VpF168_FpA8_20160908074458_2.mat,1296,256,918.8555194805116,2214.8555194805112,-0.5773020386695862,0.5761761963367462,2666600.0,20160908074458,/getlab/wjl11/study_high_mi_yd17/phantom/20160908/dax/mmode/uri_SpV10388_VpF168_FpA8_20160908074451.rfd,dax,siemens s2000,phantom,2.7,66.0894346260622,11.0,,1
8346,rfd_liver_highmi.uri_SpV10388_VpF168_FpA8_20161212161834_1.mat,2048,256,510.8571428571429,2558.857142857143,-0.6073603630065918,0.6084920167922974,3636400.0,20161212161834,/getlab/wjl11/study_high_mi_yd17/phantom/20161212_phan/4c1/mmode/uri_SpV10388_VpF168_FpA8_20161212161831.rfd,4c1,siemens s2000,phantom,3.6,69.6632098734136,6.0,,1
8378,rfd_liver_highmi.uri_SpV5192_VpF512_FpA7_20161025073905_7.mat,640,256,918.8555194805116,1558.8555194805115,-0.5773020386695862,0.5773020386695862,2666600.0,20161025073905,/getlab/wjl11/study_high_mi_yd17/phantom/20161025_phan/dax/bmode/uri_SpV5192_VpF512_FpA7_20161025073905.rfd,dax,siemens s2000,phantom,2.7,66.1539406401311,14.0,,1
8381,rfd_liver_highmi.uri_SpV5192_VpF512_FpA7_20161025073847_7.mat,640,256,918.8555194805116,1558.8555194805115,-0.5773020386695862,0.5773020386695862,2666600.0,20161025073847,/getlab/wjl11/study_high_mi_yd17/phantom/20161025_phan/dax/bmode/uri_SpV5192_VpF512_FpA7_20161025073847.rfd,dax,siemens s2000,phantom,2.7,66.1539406401311,11.0,,1
8429,rfd_liver_highmi.uri_SpV10388_VpF168_FpA8_20161123092607_2.mat,1296,256,918.8555194805116,2214.8555194805112,-0.5773020386695862,0.5761761963367462,2666600.0,20161123092607,/getlab/wjl11/study_high_mi_yd17/phantom/20161212_phan/dax/mmode/uri_SpV10388_VpF168_FpA8_20161123092602.rfd,dax,siemens s2000,phantom,2.7,66.0894346260622,11.0,,1
8462,rfd_liver_highmi.uri_SpV10388_VpF168_FpA8_20161025073732_2.mat,2048,256,510.8571428571429,2558.857142857143,-0.6073603630065918,0.6084920167922974,3636400.0,20161025073732,/getlab/wjl11/study_high_mi_yd17/phantom/20161025_phan/4c1/mmode/uri_SpV10388_VpF168_FpA8_20161025073727.rfd,4c1,siemens s2000,phantom,3.6,69.6632098734136,6.0,,1
8523,rfd_liver_highmi.uri_SpV10388_VpF168_FpA8_20161212161831_1.mat,2048,256,510.8571428571429,2558.857142857143,-0.6073603630065918,0.6084920167922974,3636400.0,20161212161831,/getlab/wjl11/study_high_mi_yd17/phantom/20161212_phan/4c1/mmode/uri_SpV10388_VpF168_FpA8_20161212161831.rfd,4c1,siemens s2000,phantom,3.6,69.6632098734136,6.0,,1
8527,rfd_liver_highmi.uri_SpV5192_VpF512_FpA7_20160901072953_5.mat,1024,256,510.8571428571429,1534.857142857143,-0.6073603630065918,0.6073603630065918,3636400.0,20160901072953,/getlab/wjl11/study_high_mi_yd17/phantom/20160901/4c1/bmode/uri_SpV5192_VpF512_FpA7_20160901072953.rfd,4c1,siemens s2000,phantom,3.6,69.59837088762269,8.0,,1
8582,rfd_liver_highmi.uri_SpV5192_VpF512_FpA7_20160908073801_4.mat,1024,256,510.8571428571429,1534.857142857143,-0.6073603630065918,0.6073603630065918,3636400.0,20160908073801,/getlab/wjl11/study_high_mi_yd17/phantom/20160908/4c1/bmode/uri_SpV5192_VpF512_FpA7_20160908073801.rfd,4c1,siemens s2000,phantom,3.6,69.59837088762269,8.0,,1
8613,rfd_liver_highmi.uri_SpV5192_VpF512_FpA7_20160908073744_6.mat,1024,256,510.8571428571429,1534.857142857143,-0.6073603630065918,0.6073603630065918,3636400.0,20160908073744,/getlab/wjl11/study_high_mi_yd17/phantom/20160908/4c1/bmode/uri_SpV5192_VpF512_FpA7_20160908073744.rfd,4c1,siemens s2000,phantom,3.6,69.59837088762269,6.0,,1
8618,rfd_liver_highmi.uri_SpV5192_VpF512_FpA7_20161123092509_1.mat,640,256,918.8555194805116,1558.8555194805115,-0.5773020386695862,0.5773020386695862,2666600.0,20161123092509,/getlab/wjl11/study_high_mi_yd17/phantom/20161212_phan/dax/bmode/uri_SpV5192_VpF512_FpA7_20161123092509.rfd,dax,siemens s2000,phantom,2.7,66.1539406401311,14.0,,1
8683,rfd_liver_highmi.uri_SpV10388_VpF168_FpA8_20160817143947_1.mat,1296,256,918.8555194805116,2214.8555194805112,-0.5773020386695862,0.5761761963367462,2666600.0,20160817143947,/getlab/wjl11/study_high_mi_yd17/phantom/20160817/dax/mmode/uri_SpV10388_VpF168_FpA8_20160817143939.rfd,dax,siemens s2000,phantom,2.7,66.0894346260622,11.0,,1
8759,rfd_fetal_ch.uri_SpV8308_VpF908_FpA9_20121220112006_1.mat,912,192,360.981240981241,1272.981240981241,-0.6073321182636755,0.6073321182636755,2222200.0,20121220112006,/emfd/vrk4/Fetal_SLSC/Data/Clinical_Data/ImagPh/uri_SpV8308_VpF908_FpA9_20121220112006.rfd,4c1,siemens s2000,phantom,2.2,69.5951342784976,10.0,,0
8814,rfd_liver_highmi.uri_SpV5192_VpF512_FpA7_20161025073622_2.mat,1024,256,510.8571428571429,1534.857142857143,-0.6073603630065918,0.6073603630065918,3636400.0,20161025073622,/getlab/wjl11/study_high_mi_yd17/phantom/20161025_phan/4c1/bmode/uri_SpV5192_VpF512_FpA7_20161025073638.rfd,4c1,siemens s2000,phantom,3.6,69.59837088762269,8.0,,1
8874,rfd_liver_highmi.uri_SpV5192_VpF512_FpA7_20161212162035_5.mat,640,256,918.8555194805116,1558.8555194805115,-0.5773020386695862,0.5773020386695862,2666600.0,20161212162035,/getlab/wjl11/study_high_mi_yd17/phantom/20161212_phan/dax/bmode/uri_SpV5192_VpF512_FpA7_20161212162035.rfd,dax,siemens s2000,phantom,2.7,66.1539406401311,11.0,,1
9025,rfd_liver_highmi.uri_SpV10388_VpF168_FpA8_20161123092604_1.mat,1296,256,918.8555194805116,2214.8555194805112,-0.5773020386695862,0.5761761963367462,2666600.0,20161123092604,/getlab/wjl11/study_high_mi_yd17/phantom/20161212_phan/dax/mmode/uri_SpV10388_VpF168_FpA8_20161123092602.rfd,dax,siemens s2000,phantom,2.7,66.0894346260622,11.0,,1
9071,rfd_liver_highmi.uri_SpV5192_VpF512_FpA7_20160908074155_2.mat,640,256,918.8555194805116,1558.8555194805115,-0.5773020386695862,0.5773020386695862,2666600.0,20160908074155,/getlab/wjl11/study_high_mi_yd17/phantom/20160908/dax/bmode/uri_SpV5192_VpF512_FpA7_20160908074115.rfd,dax,siemens s2000,phantom,2.7,66.1539406401311,11.0,,1
9134,rfd_liver_highmi.uri_SpV5192_VpF512_FpA7_20160908073744_4.mat,1024,256,510.8571428571429,1534.857142857143,-0.6073603630065918,0.6073603630065918,3636400.0,20160908073744,/getlab/wjl11/study_high_mi_yd17/phantom/20160908/4c1/bmode/uri_SpV5192_VpF512_FpA7_20160908073744.rfd,4c1,siemens s2000,phantom,3.6,69.59837088762269,6.0,,1
9163,rfd_liver_highmi.uri_SpV5192_VpF512_FpA7_20160908073744_1.mat,1024,256,510.8571428571429,1534.857142857143,-0.6073603630065918,0.6073603630065918,3636400.0,20160908073744,/getlab/wjl11/study_high_mi_yd17/phantom/20160908/4c1/bmode/uri_SpV5192_VpF512_FpA7_20160908073744.rfd,4c1,siemens s2000,phantom,3.6,69.59837088762269,6.0,,1
9256,rfd_liver_highmi.uri_SpV5192_VpF512_FpA7_20160908074155_4.mat,640,256,918.8555194805116,1558.8555194805115,-0.5773020386695862,0.5773020386695862,2666600.0,20160908074155,/getlab/wjl11/study_high_mi_yd17/phantom/20160908/dax/bmode/uri_SpV5192_VpF512_FpA7_20160908074115.rfd,dax,siemens s2000,phantom,2.7,66.1539406401311,11.0,,1
9342,rfd_liver_highmi.uri_SpV10388_VpF168_FpA8_20160817143715_2.mat,2048,256,510.8571428571429,2558.857142857143,-0.6073603630065918,0.6084920167922974,3636400.0,20160817143715,/getlab/wjl11/study_high_mi_yd17/phantom/20160817/4c1/mmode/uri_SpV10388_VpF168_FpA8_20160817143709.rfd,4c1,siemens s2000,phantom,3.6,69.6632098734136,6.0,,1
9355,rfd_liver_highmi.uri_SpV10388_VpF168_FpA8_20160901073347_2.mat,1296,256,918.8555194805116,2214.8555194805112,-0.5773020386695862,0.5761761963367462,2666600.0,20160901073347,/getlab/wjl11/study_high_mi_yd17/phantom/20160901/dax/mmode/uri_SpV10388_VpF168_FpA8_20160901073345.rfd,dax,siemens s2000,phantom,2.7,66.0894346260622,11.0,,1
9495,rfd_liver_highmi.uri_SpV10388_VpF168_FpA8_20161025074000_1.mat,1296,256,918.8555194805116,2214.8555194805112,-0.5773020386695862,0.5761761963367462,2666600.0,20161025074000,/getlab/wjl11/study_high_mi_yd17/phantom/20161025_phan/dax/mmode/uri_SpV10388_VpF168_FpA8_20161025074002.rfd,dax,siemens s2000,phantom,2.7,66.0894346260622,11.0,,1
9570,rfd_liver_highmi.uri_SpV5192_VpF512_FpA7_20161006124401_6.mat,640,256,918.8555194805116,1558.8555194805115,-0.5773020386695862,0.5773020386695862,2666600.0,20161006124401,/getlab/wjl11/study_high_mi_yd17/phantom/20161006_phan/dax/bmode/uri_SpV5192_VpF512_FpA7_20161006124401.rfd,dax,siemens s2000,phantom,2.7,66.1539406401311,14.0,,1
9590,rfd_liver_highmi.uri_SpV5192_VpF512_FpA7_20160901073232_6.mat,640,256,918.8555194805116,1558.8555194805115,-0.5773020386695862,0.5773020386695862,2666600.0,20160901073232,/getlab/wjl11/study_high_mi_yd17/phantom/20160901/dax/bmode/uri_SpV5192_VpF512_FpA7_20160901073232.rfd,dax,siemens s2000,phantom,2.7,66.1539406401311,11.0,,1
9767,rfd_liver_highmi.uri_SpV5192_VpF512_FpA7_20160901073232_7.mat,640,256,918.8555194805116,1558.8555194805115,-0.5773020386695862,0.5773020386695862,2666600.0,20160901073232,/getlab/wjl11/study_high_mi_yd17/phantom/20160901/dax/bmode/uri_SpV5192_VpF512_FpA7_20160901073232.rfd,dax,siemens s2000,phantom,2.7,66.1539406401311,11.0,,1
9858,rfd_liver_highmi.uri_SpV5192_VpF512_FpA7_20160901073232_4.mat,640,256,918.8555194805116,1558.8555194805115,-0.5773020386695862,0.5773020386695862,2666600.0,20160901073232,/getlab/wjl11/study_high_mi_yd17/phantom/20160901/dax/bmode/uri_SpV5192_VpF512_FpA7_20160901073232.rfd,dax,siemens s2000,phantom,2.7,66.1539406401311,11.0,,1
9859,rfd_liver_highmi.uri_SpV5192_VpF512_FpA7_20161025073847_4.mat,640,256,918.8555194805116,1558.8555194805115,-0.5773020386695862,0.5773020386695862,2666600.0,20161025073847,/getlab/wjl11/study_high_mi_yd17/phantom/20161025_phan/dax/bmode/uri_SpV5192_VpF512_FpA7_20161025073847.rfd,dax,siemens s2000,phantom,2.7,66.1539406401311,11.0,,1
9883,rfd_liver_highmi.uri_SpV10388_VpF168_FpA8_20160901073347_1.mat,1296,256,918.8555194805116,2214.8555194805112,-0.5773020386695862,0.5761761963367462,2666600.0,20160901073347,/getlab/wjl11/study_high_mi_yd17/phantom/20160901/dax/mmode/uri_SpV10388_VpF168_FpA8_20160901073345.rfd,dax,siemens s2000,phantom,2.7,66.0894346260622,11.0,,1
9884,rfd_liver_highmi.uri_SpV5192_VpF512_FpA7_20160817143619_5.mat,1024,256,510.8571428571429,1534.857142857143,-0.6073603630065918,0.6073603630065918,3636400.0,20160817143619,/getlab/wjl11/study_high_mi_yd17/phantom/20160817/4c1/bmode/uri_SpV5192_VpF512_FpA7_20160817143603.rfd,4c1,siemens s2000,phantom,3.6,69.59837088762269,6.0,,1
9977,rfd_liver_highmi.uri_SpV5192_VpF512_FpA7_20160908073744_7.mat,1024,256,510.8571428571429,1534.857142857143,-0.6073603630065918,0.6073603630065918,3636400.0,20160908073744,/getlab/wjl11/study_high_mi_yd17/phantom/20160908/4c1/bmode/uri_SpV5192_VpF512_FpA7_20160908073744.rfd,4c1,siemens s2000,phantom,3.6,69.59837088762269,6.0,,1
9991,rfd_liver_highmi.uri_SpV10388_VpF168_FpA8_20160901073053_2.mat,2048,256,510.8571428571429,2558.857142857143,-0.6073603630065918,0.6084920167922974,3636400.0,20160901073053,/getlab/wjl11/study_high_mi_yd17/phantom/20160901/4c1/mmode/uri_SpV10388_VpF168_FpA8_20160901073051.rfd,4c1,siemens s2000,phantom,3.6,69.6632098734136,6.0,,1
10007,rfd_liver_highmi.uri_SpV5192_VpF512_FpA7_20160817143843_1.mat,640,256,918.8555194805116,1558.8555194805115,-0.5773020386695862,0.5773020386695862,2666600.0,20160817143843,/getlab/wjl11/study_high_mi_yd17/phantom/20160817/dax/bmode/uri_SpV5192_VpF512_FpA7_20160817143828.rfd,dax,siemens s2000,phantom,2.7,66.1539406401311,11.0,,1
10012,rfd_liver_highmi.uri_SpV5192_VpF512_FpA7_20161123092314_6.mat,640,256,918.8555194805116,1558.8555194805115,-0.5773020386695862,0.5773020386695862,2666600.0,20161123092314,/getlab/wjl11/study_high_mi_yd17/phantom/20161212_phan/dax/bmode/uri_SpV5192_VpF512_FpA7_20161123092314.rfd,dax,siemens s2000,phantom,2.7,66.1539406401311,14.0,,1
10097,rfd_liver_highmi.uri_SpV5192_VpF512_FpA7_20161108101702_4.mat,640,256,918.8555194805116,1558.8555194805115,-0.5773020386695862,0.5773020386695862,2666600.0,20161108101702,/getlab/wjl11/study_high_mi_yd17/phantom/20161108_phan/dax/bmode/uri_SpV5192_VpF512_FpA7_20161108101702.rfd,dax,siemens s2000,phantom,2.7,66.1539406401311,14.0,,1
10153,rfd_liver_highmi.uri_SpV10388_VpF168_FpA8_20160908074458_1.mat,1296,256,918.8555194805116,2214.8555194805112,-0.5773020386695862,0.5761761963367462,2666600.0,20160908074458,/getlab/wjl11/study_high_mi_yd17/phantom/20160908/dax/mmode/uri_SpV10388_VpF168_FpA8_20160908074451.rfd,dax,siemens s2000,phantom,2.7,66.0894346260622,11.0,,1
10257,rfd_liver_highmi.uri_SpV10388_VpF168_FpA8_20161006124458_2.mat,1296,256,918.8555194805116,2214.8555194805112,-0.5773020386695862,0.5761761963367462,2666600.0,20161006124458,/getlab/wjl11/study_high_mi_yd17/phantom/20161006_phan/dax/mmode/uri_SpV10388_VpF168_FpA8_20161006124456.rfd,dax,siemens s2000,phantom,2.7,66.0894346260622,11.0,,1
10338,rfd_liver_highmi.uri_SpV10388_VpF168_FpA8_20160817143947_2.mat,1296,256,918.8555194805116,2214.8555194805112,-0.5773020386695862,0.5761761963367462,2666600.0,20160817143947,/getlab/wjl11/study_high_mi_yd17/phantom/20160817/dax/mmode/uri_SpV10388_VpF168_FpA8_20160817143939.rfd,dax,siemens s2000,phantom,2.7,66.0894346260622,11.0,,1
10340,rfd_liver_highmi.uri_SpV10388_VpF168_FpA8_20161212162143_1.mat,1296,256,918.8555194805116,2214.8555194805112,-0.5773020386695862,0.5761761963367462,2666600.0,20161212162143,/getlab/wjl11/study_high_mi_yd17/phantom/20161212_phan/dax/mmode/uri_SpV10388_VpF168_FpA8_20161212162138.rfd,dax,siemens s2000,phantom,2.7,66.0894346260622,11.0,,1
10351,rfd_liver_highmi.uri_SpV5192_VpF512_FpA7_20160908074155_7.mat,640,256,918.8555194805116,1558.8555194805115,-0.5773020386695862,0.5773020386695862,2666600.0,20160908074155,/getlab/wjl11/study_high_mi_yd17/phantom/20160908/dax/bmode/uri_SpV5192_VpF512_FpA7_20160908074115.rfd,dax,siemens s2000,phantom,2.7,66.1539406401311,11.0,,1
10359,rfd_liver_highmi.uri_SpV10388_VpF168_FpA8_20161025074007_1.mat,1296,256,918.8555194805116,2214.8555194805112,-0.5773020386695862,0.5761761963367462,2666600.0,20161025074007,/getlab/wjl11/study_high_mi_yd17/phantom/20161025_phan/dax/mmode/uri_SpV10388_VpF168_FpA8_20161025074002.rfd,dax,siemens s2000,phantom,2.7,66.0894346260622,11.0,,1
10361,rfd_liver_highmi.uri_SpV5192_VpF512_FpA7_20160908074155_1.mat,640,256,918.8555194805116,1558.8555194805115,-0.5773020386695862,0.5773020386695862,2666600.0,20160908074155,/getlab/wjl11/study_high_mi_yd17/phantom/20160908/dax/bmode/uri_SpV5192_VpF512_FpA7_20160908074115.rfd,dax,siemens s2000,phantom,2.7,66.1539406401311,11.0,,1
10375,rfd_liver_highmi.uri_SpV5192_VpF512_FpA7_20161212162035_4.mat,640,256,918.8555194805116,1558.8555194805115,-0.5773020386695862,0.5773020386695862,2666600.0,20161212162035,/getlab/wjl11/study_high_mi_yd17/phantom/20161212_phan/dax/bmode/uri_SpV5192_VpF512_FpA7_20161212162035.rfd,dax,siemens s2000,phantom,2.7,66.1539406401311,11.0,,1
10431,rfd_liver_highmi.uri_SpV5192_VpF512_FpA7_20161006124347_7.mat,640,256,918.8555194805116,1558.8555194805115,-0.5773020386695862,0.5773020386695862,2666600.0,20161006124347,/getlab/wjl11/study_high_mi_yd17/phantom/20161006_phan/dax/bmode/uri_SpV5192_VpF512_FpA7_20161006124347.rfd,dax,siemens s2000,phantom,2.7,66.1539406401311,11.0,,1
10505,rfd_liver_highmi.uri_SpV5192_VpF512_FpA7_20161212162035_6.mat,640,256,918.8555194805116,1558.8555194805115,-0.5773020386695862,0.5773020386695862,2666600.0,20161212162035,/getlab/wjl11/study_high_mi_yd17/phantom/20161212_phan/dax/bmode/uri_SpV5192_VpF512_FpA7_20161212162035.rfd,dax,siemens s2000,phantom,2.7,66.1539406401311,11.0,,1
10520,rfd_liver_highmi.uri_SpV5192_VpF512_FpA7_20161212161740_6.mat,1024,256,510.8571428571429,1534.857142857143,-0.6073603630065918,0.6073603630065918,3636400.0,20161212161740,/getlab/wjl11/study_high_mi_yd17/phantom/20161212_phan/4c1/bmode/uri_SpV5192_VpF512_FpA7_20161212161740.rfd,4c1,siemens s2000,phantom,3.6,69.59837088762269,6.0,,1
10529,rfd_liver_highmi.uri_SpV5192_VpF512_FpA7_20161006124401_2.mat,640,256,918.8555194805116,1558.8555194805115,-0.5773020386695862,0.5773020386695862,2666600.0,20161006124401,/getlab/wjl11/study_high_mi_yd17/phantom/20161006_phan/dax/bmode/uri_SpV5192_VpF512_FpA7_20161006124401.rfd,dax,siemens s2000,phantom,2.7,66.1539406401311,14.0,,1
10538,rfd_liver_highmi.uri_SpV5192_VpF512_FpA7_20161006124121_6.mat,1024,256,510.8571428571429,1534.857142857143,-0.6073603630065918,0.6073603630065918,3636400.0,20161006124121,/getlab/wjl11/study_high_mi_yd17/phantom/20161006_phan/4c1/bmode/uri_SpV5192_VpF512_FpA7_20161006124108.rfd,4c1,siemens s2000,phantom,3.6,69.59837088762269,6.0,,1
10544,rfd_liver_highmi.uri_SpV10388_VpF168_FpA8_20161108101758_1.mat,1296,256,918.8555194805116,2214.8555194805112,-0.5773020386695862,0.5761761963367462,2666600.0,20161108101758,/getlab/wjl11/study_high_mi_yd17/phantom/20161108_phan/dax/mmode/uri_SpV10388_VpF168_FpA8_20161108101755.rfd,dax,siemens s2000,phantom,2.7,66.0894346260622,11.0,,1
10553,rfd_liver_highmi.uri_SpV5192_VpF512_FpA7_20160901072953_4.mat,1024,256,510.8571428571429,1534.857142857143,-0.6073603630065918,0.6073603630065918,3636400.0,20160901072953,/getlab/wjl11/study_high_mi_yd17/phantom/20160901/4c1/bmode/uri_SpV5192_VpF512_FpA7_20160901072953.rfd,4c1,siemens s2000,phantom,3.6,69.59837088762269,8.0,,1
10626,rfd_liver_highmi.uri_SpV5192_VpF512_FpA7_20161013082547_6.mat,1024,256,510.8571428571429,1534.857142857143,-0.6073603630065918,0.6073603630065918,3636400.0,20161013082547,/getlab/wjl11/study_high_mi_yd17/phantom/20161013_phan/4c1/bmode/uri_SpV5192_VpF512_FpA7_20161013082532.rfd,4c1,siemens s2000,phantom,3.6,69.59837088762269,6.0,,1
10643,rfd_liver_highmi.uri_SpV5192_VpF512_FpA7_20161006124401_4.mat,640,256,918.8555194805116,1558.8555194805115,-0.5773020386695862,0.5773020386695862,2666600.0,20161006124401,/getlab/wjl11/study_high_mi_yd17/phantom/20161006_phan/dax/bmode/uri_SpV5192_VpF512_FpA7_20161006124401.rfd,dax,siemens s2000,phantom,2.7,66.1539406401311,14.0,,1
